mtllib cx203-prod-mm-inches.mtl

v  140.236068 -1000.000000 -0.000000
v  140.236068 -1000.000000 -0.000000
v  140.236068 -1000.000000 -0.000000
v  145.000000 -1000.000000 0.000000
v  145.000000 -1000.000000 0.000000
v  145.000000 -1000.000000 0.000000
v  145.000000 -0.000000 0.000000
v  145.000000 -0.000000 0.000000
v  145.000000 1000.000000 0.000000
v  145.000000 1000.000000 0.000000
v  145.000000 1000.000000 0.000000
v  140.236068 1000.000000 -0.000000
v  140.236068 1000.000000 -0.000000
v  140.236068 1000.000000 -0.000000
v  140.236068 -0.000000 0.000000
v  140.236068 -0.000000 0.000000
v  133.651667 -1000.000000 -0.000000
v  133.651667 -1000.000000 -0.000000
v  133.651667 -1000.000000 -0.000000
v  137.763932 -1000.000000 -0.000000
v  137.763932 -1000.000000 -0.000000
v  137.763932 -1000.000000 -0.000000
v  137.763932 0.000000 0.000000
v  137.763932 0.000000 0.000000
v  137.763932 1000.000000 -0.000000
v  137.763932 1000.000000 -0.000000
v  137.763932 1000.000000 -0.000000
v  133.651667 1000.000000 -0.000000
v  133.651667 1000.000000 -0.000000
v  133.651667 1000.000000 -0.000000
v  133.651667 -0.000000 0.000000
v  133.651667 -0.000000 0.000000
v  -0.000000 1000.000000 136.593365
v  -0.000000 1000.000000 136.593365
v  -0.000000 1000.000000 136.593365
v  0.000000 1000.000000 145.000000
v  0.000000 1000.000000 145.000000
v  0.000000 1000.000000 145.000000
v  0.000000 -0.000000 145.000000
v  0.000000 -0.000000 145.000000
v  0.000000 -1000.000000 145.000000
v  0.000000 -1000.000000 145.000000
v  0.000000 -1000.000000 145.000000
v  -0.000000 -1000.000000 136.593365
v  -0.000000 -1000.000000 136.593365
v  -0.000000 -1000.000000 136.593365
v  0.000000 0.000000 136.593365
v  0.000000 0.000000 136.593365
v  0.000000 -1000.000000 127.971675
v  0.000000 -1000.000000 127.971675
v  0.000000 -1000.000000 127.971675
v  0.000000 0.000000 127.971675
v  0.000000 0.000000 127.971675
v  0.000000 1000.000000 127.971675
v  0.000000 1000.000000 127.971675
v  0.000000 1000.000000 127.971675
v  -0.000000 1000.000000 134.121229
v  -0.000000 1000.000000 134.121229
v  -0.000000 1000.000000 134.121229
v  0.000000 -0.000000 134.121229
v  0.000000 -0.000000 134.121229
v  -0.000000 -1000.000000 134.121229
v  -0.000000 -1000.000000 134.121229
v  -0.000000 -1000.000000 134.121229
v  10.000000 1000.000000 145.000000
v  10.000000 1000.000000 145.000000
v  10.000000 1000.000000 145.000000
v  10.000000 -0.000000 145.000000
v  10.000000 -0.000000 145.000000
v  10.000000 -1000.000000 145.000000
v  10.000000 -1000.000000 145.000000
v  10.000000 -1000.000000 145.000000
v  10.000000 1000.000000 137.000000
v  10.000000 1000.000000 137.000000
v  10.000000 1000.000000 137.000000
v  10.000000 -0.000000 137.000000
v  10.000000 -0.000000 137.000000
v  10.000000 -1000.000000 137.000000
v  10.000000 -1000.000000 137.000000
v  10.000000 -1000.000000 137.000000
v  10.038219 1000.000000 135.929931
v  10.038219 1000.000000 135.929931
v  10.152682 1000.000000 134.865273
v  10.152682 1000.000000 134.865273
v  10.342802 1000.000000 133.811501
v  10.342802 1000.000000 133.811501
v  10.607601 1000.000000 132.774026
v  10.607601 1000.000000 132.774026
v  10.945752 1000.000000 131.758051
v  10.945752 1000.000000 131.758051
v  11.355528 1000.000000 130.768764
v  11.355528 1000.000000 130.768764
v  11.834823 1000.000000 129.811252
v  11.834823 1000.000000 129.811252
v  12.381187 1000.000000 128.890405
v  12.381187 1000.000000 128.890405
v  12.991881 1000.000000 128.010841
v  12.991881 1000.000000 128.010841
v  13.663770 1000.000000 127.177076
v  13.663770 1000.000000 127.177076
v  14.393398 1000.000000 126.393398
v  14.393398 1000.000000 126.393398
v  15.177076 1000.000000 125.663770
v  15.177076 1000.000000 125.663770
v  16.010841 1000.000000 124.991881
v  16.010841 1000.000000 124.991881
v  16.890405 1000.000000 124.381187
v  16.890405 1000.000000 124.381187
v  17.811252 1000.000000 123.834823
v  17.811252 1000.000000 123.834823
v  18.768764 1000.000000 123.355528
v  18.768764 1000.000000 123.355528
v  19.758051 1000.000000 122.945752
v  19.758051 1000.000000 122.945752
v  20.774026 1000.000000 122.607601
v  20.774026 1000.000000 122.607601
v  21.811501 1000.000000 122.342802
v  21.811501 1000.000000 122.342802
v  22.865273 1000.000000 122.152682
v  22.865273 1000.000000 122.152682
v  23.929931 1000.000000 122.038219
v  23.929931 1000.000000 122.038219
v  25.000000 1000.000000 122.000000
v  25.000000 1000.000000 122.000000
v  25.000000 1000.000000 122.000000
v  25.000000 -0.000000 122.000000
v  25.000000 -0.000000 122.000000
v  25.000000 -1000.000000 122.000000
v  25.000000 -1000.000000 122.000000
v  25.000000 -1000.000000 122.000000
v  23.929931 -1000.000000 122.038219
v  23.929931 -1000.000000 122.038219
v  22.865273 -1000.000000 122.152682
v  22.865273 -1000.000000 122.152682
v  21.811501 -1000.000000 122.342802
v  21.811501 -1000.000000 122.342802
v  20.774026 -1000.000000 122.607601
v  20.774026 -1000.000000 122.607601
v  19.758051 -1000.000000 122.945752
v  19.758051 -1000.000000 122.945752
v  18.768764 -1000.000000 123.355528
v  18.768764 -1000.000000 123.355528
v  17.811252 -1000.000000 123.834823
v  17.811252 -1000.000000 123.834823
v  16.890405 -1000.000000 124.381187
v  16.890405 -1000.000000 124.381187
v  16.010841 -1000.000000 124.991881
v  16.010841 -1000.000000 124.991881
v  15.177076 -1000.000000 125.663770
v  15.177076 -1000.000000 125.663770
v  14.393398 -1000.000000 126.393398
v  14.393398 -1000.000000 126.393398
v  13.663770 -1000.000000 127.177076
v  13.663770 -1000.000000 127.177076
v  12.991881 -1000.000000 128.010841
v  12.991881 -1000.000000 128.010841
v  12.381187 -1000.000000 128.890405
v  12.381187 -1000.000000 128.890405
v  11.834823 -1000.000000 129.811252
v  11.834823 -1000.000000 129.811252
v  11.355528 -1000.000000 130.768764
v  11.355528 -1000.000000 130.768764
v  10.945752 -1000.000000 131.758051
v  10.945752 -1000.000000 131.758051
v  10.607601 -1000.000000 132.774026
v  10.607601 -1000.000000 132.774026
v  10.342802 -1000.000000 133.811501
v  10.342802 -1000.000000 133.811501
v  10.152682 -1000.000000 134.865273
v  10.152682 -1000.000000 134.865273
v  10.038219 -1000.000000 135.929931
v  10.038219 -1000.000000 135.929931
v  25.000000 1000.000000 117.000000
v  25.000000 1000.000000 117.000000
v  25.000000 1000.000000 117.000000
v  25.000000 -0.000000 117.000000
v  25.000000 -0.000000 117.000000
v  25.000000 -1000.000000 117.000000
v  25.000000 -1000.000000 117.000000
v  25.000000 -1000.000000 117.000000
v  31.000000 1000.000000 117.000000
v  31.000000 1000.000000 117.000000
v  31.000000 1000.000000 117.000000
v  31.000000 -0.000000 117.000000
v  31.000000 -0.000000 117.000000
v  31.000000 -1000.000000 117.000000
v  31.000000 -1000.000000 117.000000
v  31.000000 -1000.000000 117.000000
v  31.000000 1000.000000 97.000000
v  31.000000 1000.000000 97.000000
v  31.000000 1000.000000 97.000000
v  31.000000 -0.000000 97.000000
v  31.000000 -0.000000 97.000000
v  31.000000 -1000.000000 97.000000
v  31.000000 -1000.000000 97.000000
v  31.000000 -1000.000000 97.000000
v  36.000000 1000.000000 97.000000
v  36.000000 1000.000000 97.000000
v  36.000000 1000.000000 97.000000
v  36.000000 -0.000000 97.000000
v  36.000000 -0.000000 97.000000
v  36.000000 -1000.000000 97.000000
v  36.000000 -1000.000000 97.000000
v  36.000000 -1000.000000 97.000000
v  36.344743 1000.000000 94.452825
v  36.344743 1000.000000 94.452825
v  36.766314 1000.000000 91.917422
v  36.766314 1000.000000 91.917422
v  37.264345 1000.000000 89.395934
v  37.264345 1000.000000 89.395934
v  37.838381 1000.000000 86.890663
v  37.838381 1000.000000 86.890663
v  38.487910 1000.000000 84.403851
v  38.487910 1000.000000 84.403851
v  39.212355 1000.000000 81.937731
v  39.212355 1000.000000 81.937731
v  40.011054 1000.000000 79.494591
v  40.011054 1000.000000 79.494591
v  40.883223 1000.000000 77.076815
v  40.883223 1000.000000 77.076815
v  41.828070 1000.000000 74.686575
v  41.828070 1000.000000 74.686575
v  42.844743 1000.000000 72.326011
v  42.844743 1000.000000 72.326011
v  43.932334 1000.000000 69.997237
v  43.932334 1000.000000 69.997237
v  45.089872 1000.000000 67.702342
v  45.089872 1000.000000 67.702342
v  46.316312 1000.000000 65.443418
v  46.316312 1000.000000 65.443418
v  47.610449 1000.000000 63.222687
v  47.610449 1000.000000 63.222687
v  48.971096 1000.000000 61.042164
v  48.971096 1000.000000 61.042164
v  50.397031 1000.000000 58.903801
v  50.397031 1000.000000 58.903801
v  51.886975 1000.000000 56.809511
v  51.886975 1000.000000 56.809511
v  53.439598 1000.000000 54.761175
v  53.439598 1000.000000 54.761175
v  55.053509 1000.000000 52.760640
v  55.053509 1000.000000 52.760640
v  56.727137 1000.000000 50.809860
v  56.727137 1000.000000 50.809860
v  58.458922 1000.000000 48.910639
v  58.458922 1000.000000 48.910639
v  60.247308 1000.000000 47.064676
v  60.247308 1000.000000 47.064676
v  62.090690 1000.000000 45.273621
v  62.090690 1000.000000 45.273621
v  63.987421 1000.000000 43.539083
v  63.987421 1000.000000 43.539083
v  65.935805 1000.000000 41.862621
v  65.935805 1000.000000 41.862621
v  67.933990 1000.000000 40.245838
v  67.933990 1000.000000 40.245838
v  69.980065 1000.000000 38.690272
v  69.980065 1000.000000 38.690272
v  72.072193 1000.000000 37.197309
v  72.072193 1000.000000 37.197309
v  74.208497 1000.000000 35.768285
v  74.208497 1000.000000 35.768285
v  76.387065 1000.000000 34.404481
v  76.387065 1000.000000 34.404481
v  78.605947 1000.000000 33.107126
v  78.605947 1000.000000 33.107126
v  80.863091 1000.000000 31.877430
v  80.863091 1000.000000 31.877430
v  83.156292 1000.000000 30.716590
v  83.156292 1000.000000 30.716590
v  85.483482 1000.000000 29.625642
v  85.483482 1000.000000 29.625642
v  87.842575 1000.000000 28.605559
v  87.842575 1000.000000 28.605559
v  90.231459 1000.000000 27.657257
v  90.231459 1000.000000 27.657257
v  92.647994 1000.000000 26.781589
v  92.647994 1000.000000 26.781589
v  95.089986 1000.000000 25.979362
v  95.089986 1000.000000 25.979362
v  97.555032 1000.000000 25.251363
v  97.555032 1000.000000 25.251363
v  100.040889 1000.000000 24.598247
v  100.040889 1000.000000 24.598247
v  102.545326 1000.000000 24.020594
v  102.545326 1000.000000 24.020594
v  105.066100 1000.000000 23.518919
v  105.066100 1000.000000 23.518919
v  107.600955 1000.000000 23.093677
v  107.600955 1000.000000 23.093677
v  110.147611 1000.000000 22.745260
v  110.147611 1000.000000 22.745260
v  112.703583 1000.000000 22.474011
v  112.703583 1000.000000 22.474011
v  115.266501 1000.000000 22.280172
v  115.266501 1000.000000 22.280172
v  117.834065 1000.000000 22.163911
v  117.834065 1000.000000 22.163911
v  120.403977 1000.000000 22.125330
v  120.403977 1000.000000 22.125330
v  122.973891 1000.000000 22.164465
v  122.973891 1000.000000 22.164465
v  125.541633 1000.000000 22.281294
v  125.541633 1000.000000 22.281294
v  125.541633 1000.000000 22.281294
v  125.541633 -0.000000 22.281294
v  125.541633 -0.000000 22.281294
v  125.541633 -1000.000000 22.281294
v  125.541633 -1000.000000 22.281294
v  125.541633 -1000.000000 22.281294
v  122.973891 -1000.000000 22.164465
v  122.973891 -1000.000000 22.164465
v  120.403977 -1000.000000 22.125330
v  120.403977 -1000.000000 22.125330
v  117.834065 -1000.000000 22.163911
v  117.834065 -1000.000000 22.163911
v  115.266501 -1000.000000 22.280172
v  115.266501 -1000.000000 22.280172
v  112.703583 -1000.000000 22.474011
v  112.703583 -1000.000000 22.474011
v  110.147611 -1000.000000 22.745260
v  110.147611 -1000.000000 22.745260
v  107.600955 -1000.000000 23.093677
v  107.600955 -1000.000000 23.093677
v  105.066100 -1000.000000 23.518919
v  105.066100 -1000.000000 23.518919
v  102.545326 -1000.000000 24.020594
v  102.545326 -1000.000000 24.020594
v  100.040889 -1000.000000 24.598247
v  100.040889 -1000.000000 24.598247
v  97.555032 -1000.000000 25.251363
v  97.555032 -1000.000000 25.251363
v  95.089986 -1000.000000 25.979362
v  95.089986 -1000.000000 25.979362
v  92.647994 -1000.000000 26.781589
v  92.647994 -1000.000000 26.781589
v  90.231459 -1000.000000 27.657257
v  90.231459 -1000.000000 27.657257
v  87.842575 -1000.000000 28.605559
v  87.842575 -1000.000000 28.605559
v  85.483482 -1000.000000 29.625642
v  85.483482 -1000.000000 29.625642
v  83.156292 -1000.000000 30.716590
v  83.156292 -1000.000000 30.716590
v  80.863091 -1000.000000 31.877430
v  80.863091 -1000.000000 31.877430
v  78.605947 -1000.000000 33.107126
v  78.605947 -1000.000000 33.107126
v  76.387065 -1000.000000 34.404481
v  76.387065 -1000.000000 34.404481
v  74.208497 -1000.000000 35.768285
v  74.208497 -1000.000000 35.768285
v  72.072193 -1000.000000 37.197309
v  72.072193 -1000.000000 37.197309
v  69.980065 -1000.000000 38.690272
v  69.980065 -1000.000000 38.690272
v  67.933990 -1000.000000 40.245838
v  67.933990 -1000.000000 40.245838
v  65.935805 -1000.000000 41.862621
v  65.935805 -1000.000000 41.862621
v  63.987421 -1000.000000 43.539083
v  63.987421 -1000.000000 43.539083
v  62.090690 -1000.000000 45.273621
v  62.090690 -1000.000000 45.273621
v  60.247308 -1000.000000 47.064676
v  60.247308 -1000.000000 47.064676
v  58.458922 -1000.000000 48.910639
v  58.458922 -1000.000000 48.910639
v  56.727137 -1000.000000 50.809860
v  56.727137 -1000.000000 50.809860
v  55.053509 -1000.000000 52.760640
v  55.053509 -1000.000000 52.760640
v  53.439598 -1000.000000 54.761175
v  53.439598 -1000.000000 54.761175
v  51.886975 -1000.000000 56.809511
v  51.886975 -1000.000000 56.809511
v  50.397031 -1000.000000 58.903801
v  50.397031 -1000.000000 58.903801
v  48.971096 -1000.000000 61.042164
v  48.971096 -1000.000000 61.042164
v  47.610449 -1000.000000 63.222687
v  47.610449 -1000.000000 63.222687
v  46.316312 -1000.000000 65.443418
v  46.316312 -1000.000000 65.443418
v  45.089872 -1000.000000 67.702342
v  45.089872 -1000.000000 67.702342
v  43.932334 -1000.000000 69.997237
v  43.932334 -1000.000000 69.997237
v  42.844743 -1000.000000 72.326011
v  42.844743 -1000.000000 72.326011
v  41.828070 -1000.000000 74.686575
v  41.828070 -1000.000000 74.686575
v  40.883223 -1000.000000 77.076815
v  40.883223 -1000.000000 77.076815
v  40.011054 -1000.000000 79.494591
v  40.011054 -1000.000000 79.494591
v  39.212355 -1000.000000 81.937731
v  39.212355 -1000.000000 81.937731
v  38.487910 -1000.000000 84.403851
v  38.487910 -1000.000000 84.403851
v  37.838381 -1000.000000 86.890663
v  37.838381 -1000.000000 86.890663
v  37.264345 -1000.000000 89.395934
v  37.264345 -1000.000000 89.395934
v  36.766314 -1000.000000 91.917422
v  36.766314 -1000.000000 91.917422
v  36.344743 -1000.000000 94.452825
v  36.344743 -1000.000000 94.452825
v  125.541633 1000.000000 18.849995
v  125.541633 1000.000000 18.849995
v  125.541633 1000.000000 18.849995
v  125.541633 -0.000000 18.849995
v  125.541633 -0.000000 18.849995
v  125.541633 -1000.000000 18.849995
v  125.541633 -1000.000000 18.849995
v  125.541633 -1000.000000 18.849995
v  126.087936 1000.000000 18.849048
v  126.087936 1000.000000 18.849048
v  126.596161 1000.000000 18.839021
v  126.596161 1000.000000 18.839021
v  127.065984 1000.000000 18.818409
v  127.065984 1000.000000 18.818409
v  127.496757 1000.000000 18.784257
v  127.496757 1000.000000 18.784257
v  127.888271 1000.000000 18.737309
v  127.888271 1000.000000 18.737309
v  128.243073 1000.000000 18.678860
v  128.243073 1000.000000 18.678860
v  128.564232 1000.000000 18.610105
v  128.564232 1000.000000 18.610105
v  128.860499 1000.000000 18.531811
v  128.860499 1000.000000 18.531811
v  129.405464 1000.000000 18.343702
v  129.405464 1000.000000 18.343702
v  129.901759 1000.000000 18.115041
v  129.901759 1000.000000 18.115041
v  130.339403 1000.000000 17.856659
v  130.339403 1000.000000 17.856659
v  130.715880 1000.000000 17.577808
v  130.715880 1000.000000 17.577808
v  131.031685 1000.000000 17.286665
v  131.031685 1000.000000 17.286665
v  131.311146 1000.000000 16.963846
v  131.311146 1000.000000 16.963846
v  131.593834 1000.000000 16.556216
v  131.593834 1000.000000 16.556216
v  131.739259 1000.000000 16.312485
v  131.739259 1000.000000 16.312485
v  131.886827 1000.000000 16.042376
v  131.886827 1000.000000 16.042376
v  132.037576 1000.000000 15.747603
v  132.037576 1000.000000 15.747603
v  132.195358 1000.000000 15.428581
v  132.195358 1000.000000 15.428581
v  132.363688 1000.000000 15.087188
v  132.363688 1000.000000 15.087188
v  132.549984 1000.000000 14.726385
v  132.549984 1000.000000 14.726385
v  132.747069 1000.000000 14.373388
v  132.747069 1000.000000 14.373388
v  132.948744 1000.000000 14.042813
v  132.948744 1000.000000 14.042813
v  133.146223 1000.000000 13.750433
v  133.146223 1000.000000 13.750433
v  133.337193 1000.000000 13.493955
v  133.337193 1000.000000 13.493955
v  133.711161 1000.000000 13.062078
v  133.711161 1000.000000 13.062078
v  134.104285 1000.000000 12.692757
v  134.104285 1000.000000 12.692757
v  134.549312 1000.000000 12.352823
v  134.549312 1000.000000 12.352823
v  134.794590 1000.000000 12.192727
v  134.794590 1000.000000 12.192727
v  135.053915 1000.000000 12.040933
v  135.053915 1000.000000 12.040933
v  135.326022 1000.000000 11.898856
v  135.326022 1000.000000 11.898856
v  135.609205 1000.000000 11.767958
v  135.609205 1000.000000 11.767958
v  135.904161 1000.000000 11.648546
v  135.904161 1000.000000 11.648546
v  136.212393 1000.000000 11.540691
v  136.212393 1000.000000 11.540691
v  136.539638 1000.000000 11.443282
v  136.539638 1000.000000 11.443282
v  136.894886 1000.000000 11.355576
v  136.894886 1000.000000 11.355576
v  137.284368 1000.000000 11.277805
v  137.284368 1000.000000 11.277805
v  137.715274 1000.000000 11.210959
v  137.715274 1000.000000 11.210959
v  138.191847 1000.000000 11.157250
v  138.191847 1000.000000 11.157250
v  138.713945 1000.000000 11.117295
v  138.713945 1000.000000 11.117295
v  139.087026 1000.000000 11.098807
v  139.087026 1000.000000 11.098807
v  139.479417 1000.000000 11.085274
v  139.479417 1000.000000 11.085274
v  139.890544 1000.000000 11.077266
v  139.890544 1000.000000 11.077266
v  140.322341 1000.000000 11.070874
v  140.322341 1000.000000 11.070874
v  140.775612 1000.000000 11.064262
v  140.775612 1000.000000 11.064262
v  141.249962 1000.000000 11.058331
v  141.249962 1000.000000 11.058331
v  141.249962 1000.000000 11.058331
v  141.249962 -0.000000 11.058331
v  141.249962 -0.000000 11.058331
v  141.249962 -1000.000000 11.058331
v  141.249962 -1000.000000 11.058331
v  141.249962 -1000.000000 11.058331
v  140.775612 -1000.000000 11.064262
v  140.775612 -1000.000000 11.064262
v  140.322341 -1000.000000 11.070874
v  140.322341 -1000.000000 11.070874
v  139.890544 -1000.000000 11.077266
v  139.890544 -1000.000000 11.077266
v  139.479417 -1000.000000 11.085274
v  139.479417 -1000.000000 11.085274
v  139.087026 -1000.000000 11.098807
v  139.087026 -1000.000000 11.098807
v  138.713945 -1000.000000 11.117295
v  138.713945 -1000.000000 11.117295
v  138.191847 -1000.000000 11.157250
v  138.191847 -1000.000000 11.157250
v  137.715274 -1000.000000 11.210959
v  137.715274 -1000.000000 11.210959
v  137.284368 -1000.000000 11.277805
v  137.284368 -1000.000000 11.277805
v  136.894886 -1000.000000 11.355576
v  136.894886 -1000.000000 11.355576
v  136.539638 -1000.000000 11.443282
v  136.539638 -1000.000000 11.443282
v  136.212393 -1000.000000 11.540691
v  136.212393 -1000.000000 11.540691
v  135.904161 -1000.000000 11.648546
v  135.904161 -1000.000000 11.648546
v  135.609205 -1000.000000 11.767958
v  135.609205 -1000.000000 11.767958
v  135.326022 -1000.000000 11.898856
v  135.326022 -1000.000000 11.898856
v  135.053915 -1000.000000 12.040933
v  135.053915 -1000.000000 12.040933
v  134.794590 -1000.000000 12.192727
v  134.794590 -1000.000000 12.192727
v  134.549312 -1000.000000 12.352823
v  134.549312 -1000.000000 12.352823
v  134.104285 -1000.000000 12.692757
v  134.104285 -1000.000000 12.692757
v  133.711161 -1000.000000 13.062078
v  133.711161 -1000.000000 13.062078
v  133.337193 -1000.000000 13.493955
v  133.337193 -1000.000000 13.493955
v  133.146223 -1000.000000 13.750433
v  133.146223 -1000.000000 13.750433
v  132.948744 -1000.000000 14.042813
v  132.948744 -1000.000000 14.042813
v  132.747069 -1000.000000 14.373388
v  132.747069 -1000.000000 14.373388
v  132.549984 -1000.000000 14.726385
v  132.549984 -1000.000000 14.726385
v  132.363688 -1000.000000 15.087188
v  132.363688 -1000.000000 15.087188
v  132.195358 -1000.000000 15.428581
v  132.195358 -1000.000000 15.428581
v  132.037576 -1000.000000 15.747603
v  132.037576 -1000.000000 15.747603
v  131.886827 -1000.000000 16.042376
v  131.886827 -1000.000000 16.042376
v  131.739259 -1000.000000 16.312485
v  131.739259 -1000.000000 16.312485
v  131.593834 -1000.000000 16.556216
v  131.593834 -1000.000000 16.556216
v  131.311146 -1000.000000 16.963846
v  131.311146 -1000.000000 16.963846
v  131.031685 -1000.000000 17.286665
v  131.031685 -1000.000000 17.286665
v  130.715880 -1000.000000 17.577808
v  130.715880 -1000.000000 17.577808
v  130.339403 -1000.000000 17.856659
v  130.339403 -1000.000000 17.856659
v  129.901759 -1000.000000 18.115041
v  129.901759 -1000.000000 18.115041
v  129.405464 -1000.000000 18.343702
v  129.405464 -1000.000000 18.343702
v  128.860499 -1000.000000 18.531811
v  128.860499 -1000.000000 18.531811
v  128.564232 -1000.000000 18.610105
v  128.564232 -1000.000000 18.610105
v  128.243073 -1000.000000 18.678860
v  128.243073 -1000.000000 18.678860
v  127.888271 -1000.000000 18.737309
v  127.888271 -1000.000000 18.737309
v  127.496757 -1000.000000 18.784257
v  127.496757 -1000.000000 18.784257
v  127.065984 -1000.000000 18.818409
v  127.065984 -1000.000000 18.818409
v  126.596161 -1000.000000 18.839021
v  126.596161 -1000.000000 18.839021
v  126.087936 -1000.000000 18.849048
v  126.087936 -1000.000000 18.849048
v  141.249962 1000.000000 8.458331
v  141.249962 1000.000000 8.458331
v  141.249962 1000.000000 8.458331
v  141.249962 -0.000000 8.458331
v  141.249962 -0.000000 8.458331
v  141.249962 -1000.000000 8.458331
v  141.249962 -1000.000000 8.458331
v  141.249962 -1000.000000 8.458331
v  145.000000 1000.000000 8.458331
v  145.000000 1000.000000 8.458331
v  145.000000 1000.000000 8.458331
v  145.000000 -0.000000 8.458331
v  145.000000 -0.000000 8.458331
v  145.000000 -1000.000000 8.458331
v  145.000000 -1000.000000 8.458331
v  145.000000 -1000.000000 8.458331
v  115.541633 -1000.000000 12.249371
v  115.541633 -1000.000000 12.249371
v  115.541633 -1000.000000 12.249371
v  116.351306 -1000.000000 12.174853
v  116.351306 -1000.000000 12.174853
v  117.152353 -1000.000000 12.034780
v  117.152353 -1000.000000 12.034780
v  117.939179 -1000.000000 11.830143
v  117.939179 -1000.000000 11.830143
v  118.706952 -1000.000000 11.562198
v  118.706952 -1000.000000 11.562198
v  119.450436 -1000.000000 11.232744
v  119.450436 -1000.000000 11.232744
v  120.164486 -1000.000000 10.844093
v  120.164486 -1000.000000 10.844093
v  120.844804 -1000.000000 10.398586
v  120.844804 -1000.000000 10.398586
v  121.486653 -1000.000000 9.899288
v  121.486653 -1000.000000 9.899288
v  122.085681 -1000.000000 9.349618
v  122.085681 -1000.000000 9.349618
v  122.638210 -1000.000000 8.752953
v  122.638210 -1000.000000 8.752953
v  123.140369 -1000.000000 8.113454
v  123.140369 -1000.000000 8.113454
v  123.140369 -1000.000000 8.113454
v  123.140369 -0.000000 8.113454
v  123.140369 -0.000000 8.113454
v  123.140369 1000.000000 8.113454
v  123.140369 1000.000000 8.113454
v  123.140369 1000.000000 8.113454
v  122.638210 1000.000000 8.752953
v  122.638210 1000.000000 8.752953
v  122.085681 1000.000000 9.349618
v  122.085681 1000.000000 9.349618
v  121.486653 1000.000000 9.899288
v  121.486653 1000.000000 9.899288
v  120.844804 1000.000000 10.398586
v  120.844804 1000.000000 10.398586
v  120.164486 1000.000000 10.844093
v  120.164486 1000.000000 10.844093
v  119.450436 1000.000000 11.232744
v  119.450436 1000.000000 11.232744
v  118.706952 1000.000000 11.562198
v  118.706952 1000.000000 11.562198
v  117.939179 1000.000000 11.830143
v  117.939179 1000.000000 11.830143
v  117.152353 1000.000000 12.034780
v  117.152353 1000.000000 12.034780
v  116.351306 1000.000000 12.174853
v  116.351306 1000.000000 12.174853
v  115.541633 1000.000000 12.249371
v  115.541633 1000.000000 12.249371
v  115.541633 1000.000000 12.249371
v  115.541633 -0.000000 12.249371
v  115.541633 -0.000000 12.249371
v  128.960490 1000.000000 4.230091
v  128.960490 1000.000000 4.230091
v  128.960490 1000.000000 4.230091
v  128.195426 1000.000000 4.442411
v  128.195426 1000.000000 4.442411
v  127.449524 1000.000000 4.714799
v  127.449524 1000.000000 4.714799
v  126.727722 1000.000000 5.045436
v  126.727722 1000.000000 5.045436
v  126.034331 1000.000000 5.432355
v  126.034331 1000.000000 5.432355
v  125.373848 1000.000000 5.873049
v  125.373848 1000.000000 5.873049
v  124.750387 1000.000000 6.364774
v  124.750387 1000.000000 6.364774
v  124.167988 1000.000000 6.904340
v  124.167988 1000.000000 6.904340
v  123.630125 1000.000000 7.488520
v  123.630125 1000.000000 7.488520
v  123.630125 -1000.000000 7.488520
v  123.630125 -1000.000000 7.488520
v  124.167988 -1000.000000 6.904340
v  124.167988 -1000.000000 6.904340
v  124.750387 -1000.000000 6.364774
v  124.750387 -1000.000000 6.364774
v  125.373848 -1000.000000 5.873049
v  125.373848 -1000.000000 5.873049
v  126.034331 -1000.000000 5.432355
v  126.034331 -1000.000000 5.432355
v  126.727722 -1000.000000 5.045436
v  126.727722 -1000.000000 5.045436
v  127.449524 -1000.000000 4.714799
v  127.449524 -1000.000000 4.714799
v  128.195426 -1000.000000 4.442411
v  128.195426 -1000.000000 4.442411
v  128.960490 -1000.000000 4.230091
v  128.960490 -1000.000000 4.230091
v  128.960490 -1000.000000 4.230091
v  128.960490 0.000000 4.230091
v  128.960490 0.000000 4.230091
v  132.389915 1000.000000 1.382067
v  132.389915 1000.000000 1.382067
v  132.389915 1000.000000 1.382067
v  132.389915 0.000000 1.382067
v  132.389915 0.000000 1.382067
v  132.389915 -1000.000000 1.382067
v  132.389915 -1000.000000 1.382067
v  132.389915 -1000.000000 1.382067
v  132.736835 -1000.000000 0.596166
v  132.736835 -1000.000000 0.596166
v  132.736835 -1000.000000 0.596166
v  132.736835 -0.000000 0.596166
v  132.736835 -0.000000 0.596166
v  132.736835 1000.000000 0.596166
v  132.736835 1000.000000 0.596166
v  132.736835 1000.000000 0.596166
v  1.692811 -1000.000000 124.221675
v  1.692811 -1000.000000 124.221675
v  1.692811 -1000.000000 124.221675
v  19.307189 -1000.000000 108.687254
v  19.307189 -1000.000000 108.687254
v  19.307189 -1000.000000 108.687254
v  19.307189 0.000000 108.687254
v  19.307189 0.000000 108.687254
v  19.307189 1000.000000 108.687254
v  19.307189 1000.000000 108.687254
v  19.307189 1000.000000 108.687254
v  1.692811 1000.000000 124.221675
v  1.692811 1000.000000 124.221675
v  1.692811 1000.000000 124.221675
v  1.692811 0.000000 124.221675
v  1.692811 0.000000 124.221675
v  21.000000 1000.000000 104.937254
v  21.000000 1000.000000 104.937254
v  21.000000 1000.000000 104.937254
v  21.000000 0.000000 104.937254
v  21.000000 0.000000 104.937254
v  21.000000 -1000.000000 104.937254
v  21.000000 -1000.000000 104.937254
v  21.000000 -1000.000000 104.937254
v  21.000000 -1000.000000 94.742919
v  21.000000 -1000.000000 94.742919
v  21.000000 -1000.000000 94.742919
v  21.000000 -0.000000 94.742919
v  21.000000 -0.000000 94.742919
v  21.000000 1000.000000 94.742919
v  21.000000 1000.000000 94.742919
v  21.000000 1000.000000 94.742919
v  22.692811 -1000.000000 90.992919
v  22.692811 -1000.000000 90.992919
v  22.692811 -1000.000000 90.992919
v  26.423937 -1000.000000 87.702375
v  26.423937 -1000.000000 87.702375
v  26.423937 -1000.000000 87.702375
v  26.423937 0.000000 87.702375
v  26.423937 0.000000 87.702375
v  26.423937 1000.000000 87.702375
v  26.423937 1000.000000 87.702375
v  26.423937 1000.000000 87.702375
v  22.692811 1000.000000 90.992919
v  22.692811 1000.000000 90.992919
v  22.692811 1000.000000 90.992919
v  22.692811 -0.000000 90.992919
v  22.692811 -0.000000 90.992919
v  27.980649 1000.000000 85.111023
v  27.980649 1000.000000 85.111023
v  27.980649 1000.000000 85.111023
v  27.980649 0.000000 85.111023
v  27.980649 0.000000 85.111023
v  27.980649 -1000.000000 85.111023
v  27.980649 -1000.000000 85.111023
v  27.980649 -1000.000000 85.111023
v  28.647368 -1000.000000 82.479568
v  28.647368 -1000.000000 82.479568
v  29.388909 -1000.000000 79.868543
v  29.388909 -1000.000000 79.868543
v  30.204777 -1000.000000 77.279662
v  30.204777 -1000.000000 77.279662
v  31.094290 -1000.000000 74.715087
v  31.094290 -1000.000000 74.715087
v  32.056688 -1000.000000 72.177040
v  32.056688 -1000.000000 72.177040
v  33.091320 -1000.000000 69.667264
v  33.091320 -1000.000000 69.667264
v  34.197079 -1000.000000 67.188410
v  34.197079 -1000.000000 67.188410
v  35.373250 -1000.000000 64.742082
v  35.373250 -1000.000000 64.742082
v  36.618886 -1000.000000 62.330230
v  36.618886 -1000.000000 62.330230
v  37.932825 -1000.000000 59.955134
v  37.932825 -1000.000000 59.955134
v  39.314296 -1000.000000 57.618201
v  39.314296 -1000.000000 57.618201
v  40.761734 -1000.000000 55.322055
v  40.761734 -1000.000000 55.322055
v  42.274235 -1000.000000 53.068131
v  42.274235 -1000.000000 53.068131
v  43.850599 -1000.000000 50.858202
v  43.850599 -1000.000000 50.858202
v  45.489334 -1000.000000 48.694383
v  45.489334 -1000.000000 48.694383
v  47.189452 -1000.000000 46.577987
v  47.189452 -1000.000000 46.577987
v  48.949103 -1000.000000 44.511303
v  48.949103 -1000.000000 44.511303
v  50.767107 -1000.000000 42.495712
v  50.767107 -1000.000000 42.495712
v  52.642043 -1000.000000 40.532779
v  52.642043 -1000.000000 40.532779
v  54.572237 -1000.000000 38.624278
v  54.572237 -1000.000000 38.624278
v  56.556287 -1000.000000 36.771597
v  56.556287 -1000.000000 36.771597
v  58.592337 -1000.000000 34.976465
v  58.592337 -1000.000000 34.976465
v  60.678791 -1000.000000 33.240275
v  60.678791 -1000.000000 33.240275
v  62.814045 -1000.000000 31.564362
v  62.814045 -1000.000000 31.564362
v  64.996441 -1000.000000 29.950041
v  64.996441 -1000.000000 29.950041
v  67.223940 -1000.000000 28.398823
v  67.223940 -1000.000000 28.398823
v  69.494922 -1000.000000 26.911836
v  69.494922 -1000.000000 26.911836
v  71.807338 -1000.000000 25.490402
v  71.807338 -1000.000000 25.490402
v  74.159393 -1000.000000 24.135634
v  74.159393 -1000.000000 24.135634
v  76.549513 -1000.000000 22.848443
v  76.549513 -1000.000000 22.848443
v  78.975110 -1000.000000 21.630230
v  78.975110 -1000.000000 21.630230
v  81.434715 -1000.000000 20.481731
v  81.434715 -1000.000000 20.481731
v  83.925977 -1000.000000 19.404025
v  83.925977 -1000.000000 19.404025
v  86.446933 -1000.000000 18.397972
v  86.446933 -1000.000000 18.397972
v  88.996009 -1000.000000 17.464200
v  88.996009 -1000.000000 17.464200
v  91.570340 -1000.000000 16.603771
v  91.570340 -1000.000000 16.603771
v  94.168402 -1000.000000 15.817187
v  94.168402 -1000.000000 15.817187
v  96.787742 -1000.000000 15.105177
v  96.787742 -1000.000000 15.105177
v  99.426269 -1000.000000 14.468318
v  99.426269 -1000.000000 14.468318
v  102.082278 -1000.000000 13.907021
v  102.082278 -1000.000000 13.907021
v  104.752961 -1000.000000 13.421892
v  104.752961 -1000.000000 13.421892
v  107.436484 -1000.000000 13.013256
v  107.436484 -1000.000000 13.013256
v  110.130524 -1000.000000 12.681456
v  110.130524 -1000.000000 12.681456
v  112.832832 -1000.000000 12.426769
v  112.832832 -1000.000000 12.426769
v  112.832832 1000.000000 12.426769
v  112.832832 1000.000000 12.426769
v  110.130524 1000.000000 12.681456
v  110.130524 1000.000000 12.681456
v  107.436484 1000.000000 13.013256
v  107.436484 1000.000000 13.013256
v  104.752961 1000.000000 13.421892
v  104.752961 1000.000000 13.421892
v  102.082278 1000.000000 13.907021
v  102.082278 1000.000000 13.907021
v  99.426269 1000.000000 14.468318
v  99.426269 1000.000000 14.468318
v  96.787742 1000.000000 15.105177
v  96.787742 1000.000000 15.105177
v  94.168402 1000.000000 15.817187
v  94.168402 1000.000000 15.817187
v  91.570340 1000.000000 16.603771
v  91.570340 1000.000000 16.603771
v  88.996009 1000.000000 17.464200
v  88.996009 1000.000000 17.464200
v  86.446933 1000.000000 18.397972
v  86.446933 1000.000000 18.397972
v  83.925977 1000.000000 19.404025
v  83.925977 1000.000000 19.404025
v  81.434715 1000.000000 20.481731
v  81.434715 1000.000000 20.481731
v  78.975110 1000.000000 21.630230
v  78.975110 1000.000000 21.630230
v  76.549513 1000.000000 22.848443
v  76.549513 1000.000000 22.848443
v  74.159393 1000.000000 24.135634
v  74.159393 1000.000000 24.135634
v  71.807338 1000.000000 25.490402
v  71.807338 1000.000000 25.490402
v  69.494922 1000.000000 26.911836
v  69.494922 1000.000000 26.911836
v  67.223940 1000.000000 28.398823
v  67.223940 1000.000000 28.398823
v  64.996441 1000.000000 29.950041
v  64.996441 1000.000000 29.950041
v  62.814045 1000.000000 31.564362
v  62.814045 1000.000000 31.564362
v  60.678791 1000.000000 33.240275
v  60.678791 1000.000000 33.240275
v  58.592337 1000.000000 34.976465
v  58.592337 1000.000000 34.976465
v  56.556287 1000.000000 36.771597
v  56.556287 1000.000000 36.771597
v  54.572237 1000.000000 38.624278
v  54.572237 1000.000000 38.624278
v  52.642043 1000.000000 40.532779
v  52.642043 1000.000000 40.532779
v  50.767107 1000.000000 42.495712
v  50.767107 1000.000000 42.495712
v  48.949103 1000.000000 44.511303
v  48.949103 1000.000000 44.511303
v  47.189452 1000.000000 46.577987
v  47.189452 1000.000000 46.577987
v  45.489334 1000.000000 48.694383
v  45.489334 1000.000000 48.694383
v  43.850599 1000.000000 50.858202
v  43.850599 1000.000000 50.858202
v  42.274235 1000.000000 53.068131
v  42.274235 1000.000000 53.068131
v  40.761734 1000.000000 55.322055
v  40.761734 1000.000000 55.322055
v  39.314296 1000.000000 57.618201
v  39.314296 1000.000000 57.618201
v  37.932825 1000.000000 59.955134
v  37.932825 1000.000000 59.955134
v  36.618886 1000.000000 62.330230
v  36.618886 1000.000000 62.330230
v  35.373250 1000.000000 64.742082
v  35.373250 1000.000000 64.742082
v  34.197079 1000.000000 67.188410
v  34.197079 1000.000000 67.188410
v  33.091320 1000.000000 69.667264
v  33.091320 1000.000000 69.667264
v  32.056688 1000.000000 72.177040
v  32.056688 1000.000000 72.177040
v  31.094290 1000.000000 74.715087
v  31.094290 1000.000000 74.715087
v  30.204777 1000.000000 77.279662
v  30.204777 1000.000000 77.279662
v  29.388909 1000.000000 79.868543
v  29.388909 1000.000000 79.868543
v  28.647368 1000.000000 82.479568
v  28.647368 1000.000000 82.479568
v  0.105573 1000.000000 136.146152
v  0.105573 1000.000000 136.146152
v  0.105573 1000.000000 136.146152
v  0.105573 0.000000 136.146152
v  0.105573 0.000000 136.146152
v  0.105573 -1000.000000 136.146152
v  0.105573 -1000.000000 136.146152
v  0.105573 -1000.000000 136.146152
v  0.276393 -1000.000000 135.804511
v  0.276393 -1000.000000 135.804511
v  0.276393 -1000.000000 135.804511
v  0.276393 0.000000 135.804511
v  0.276393 0.000000 135.804511
v  0.276393 1000.000000 135.804511
v  0.276393 1000.000000 135.804511
v  0.276393 1000.000000 135.804511
v  0.105573 -1000.000000 134.568443
v  0.105573 -1000.000000 134.568443
v  0.105573 -1000.000000 134.568443
v  0.105573 -0.000000 134.568443
v  0.105573 -0.000000 134.568443
v  0.105573 1000.000000 134.568443
v  0.105573 1000.000000 134.568443
v  0.105573 1000.000000 134.568443
v  0.276393 1000.000000 134.910084
v  0.276393 1000.000000 134.910084
v  0.276393 1000.000000 134.910084
v  0.276393 0.000000 134.910084
v  0.276393 0.000000 134.910084
v  0.276393 -1000.000000 134.910084
v  0.276393 -1000.000000 134.910084
v  0.276393 -1000.000000 134.910084
v  138.211146 1000.000000 0.105573
v  138.211146 1000.000000 0.105573
v  138.211146 1000.000000 0.105573
v  138.211146 0.000000 0.105573
v  138.211146 0.000000 0.105573
v  138.211146 -1000.000000 0.105573
v  138.211146 -1000.000000 0.105573
v  138.211146 -1000.000000 0.105573
v  138.552786 -1000.000000 0.276393
v  138.552786 -1000.000000 0.276393
v  138.552786 -1000.000000 0.276393
v  138.552786 0.000000 0.276393
v  138.552786 0.000000 0.276393
v  138.552786 1000.000000 0.276393
v  138.552786 1000.000000 0.276393
v  138.552786 1000.000000 0.276393
v  139.788854 -1000.000000 0.105573
v  139.788854 -1000.000000 0.105573
v  139.788854 -1000.000000 0.105573
v  139.788854 -0.000000 0.105573
v  139.788854 -0.000000 0.105573
v  139.788854 1000.000000 0.105573
v  139.788854 1000.000000 0.105573
v  139.788854 1000.000000 0.105573
v  139.447214 1000.000000 0.276393
v  139.447214 1000.000000 0.276393
v  139.447214 1000.000000 0.276393
v  139.447214 0.000000 0.276393
v  139.447214 0.000000 0.276393
v  139.447214 -1000.000000 0.276393
v  139.447214 -1000.000000 0.276393
v  139.447214 -1000.000000 0.276393
v  138.770218 -1000.000000 0.355206
v  138.770218 -1000.000000 0.355206
v  139.000000 -1000.000000 0.381962
v  139.000000 -1000.000000 0.381962
v  139.229782 -1000.000000 0.355206
v  139.229782 -1000.000000 0.355206
v  139.229782 1000.000000 0.355206
v  139.229782 1000.000000 0.355206
v  139.000000 1000.000000 0.381962
v  139.000000 1000.000000 0.381962
v  138.770218 1000.000000 0.355206
v  138.770218 1000.000000 0.355206
v  0.355206 -1000.000000 135.587079
v  0.355206 -1000.000000 135.587079
v  0.381962 -1000.000000 135.357297
v  0.381962 -1000.000000 135.357297
v  0.355206 -1000.000000 135.127515
v  0.355206 -1000.000000 135.127515
v  0.355206 1000.000000 135.127515
v  0.355206 1000.000000 135.127515
v  0.381962 1000.000000 135.357297
v  0.381962 1000.000000 135.357297
v  0.355206 1000.000000 135.587079
v  0.355206 1000.000000 135.587079
v  137.993684 1000.000000 0.026754
v  137.993684 1000.000000 0.026754
v  137.993684 -1000.000000 0.026754
v  137.993684 -1000.000000 0.026754
v  140.006316 -1000.000000 0.026754
v  140.006316 -1000.000000 0.026754
v  140.006316 1000.000000 0.026754
v  140.006316 1000.000000 0.026754
v  0.026754 -1000.000000 134.350981
v  0.026754 -1000.000000 134.350981
v  0.026754 1000.000000 134.350981
v  0.026754 1000.000000 134.350981
v  0.026754 1000.000000 136.363613
v  0.026754 1000.000000 136.363613
v  0.026754 -1000.000000 136.363613
v  0.026754 -1000.000000 136.363613
v  133.422731 1000.000000 0.026560
v  133.422731 1000.000000 0.026560
v  133.205912 1000.000000 0.104850
v  133.205912 1000.000000 0.104850
v  133.012766 1000.000000 0.230717
v  133.012766 1000.000000 0.230717
v  132.853585 1000.000000 0.397454
v  132.853585 1000.000000 0.397454
v  132.853585 -1000.000000 0.397454
v  132.853585 -1000.000000 0.397454
v  133.012766 -1000.000000 0.230717
v  133.012766 -1000.000000 0.230717
v  133.205912 -1000.000000 0.104850
v  133.205912 -1000.000000 0.104850
v  133.422731 -1000.000000 0.026560
v  133.422731 -1000.000000 0.026560
v  132.126712 1000.000000 1.895805
v  132.126712 1000.000000 1.895805
v  131.806060 1000.000000 2.375777
v  131.806060 1000.000000 2.375777
v  131.432166 1000.000000 2.815657
v  131.432166 1000.000000 2.815657
v  131.010161 1000.000000 3.209416
v  131.010161 1000.000000 3.209416
v  130.545594 1000.000000 3.551925
v  130.545594 1000.000000 3.551925
v  130.044528 1000.000000 3.838672
v  130.044528 1000.000000 3.838672
v  129.513829 1000.000000 4.065718
v  129.513829 1000.000000 4.065718
v  129.513829 -1000.000000 4.065718
v  129.513829 -1000.000000 4.065718
v  130.044528 -1000.000000 3.838672
v  130.044528 -1000.000000 3.838672
v  130.545594 -1000.000000 3.551925
v  130.545594 -1000.000000 3.551925
v  131.010161 -1000.000000 3.209416
v  131.010161 -1000.000000 3.209416
v  131.432166 -1000.000000 2.815657
v  131.432166 -1000.000000 2.815657
v  131.806060 -1000.000000 2.375777
v  131.806060 -1000.000000 2.375777
v  132.126712 -1000.000000 1.895805
v  132.126712 -1000.000000 1.895805
v  27.802025 1000.000000 85.698277
v  27.802025 1000.000000 85.698277
v  27.552789 1000.000000 86.259220
v  27.552789 1000.000000 86.259220
v  27.236695 1000.000000 86.785400
v  27.236695 1000.000000 86.785400
v  26.858511 1000.000000 87.268879
v  26.858511 1000.000000 87.268879
v  26.858511 -1000.000000 87.268879
v  26.858511 -1000.000000 87.268879
v  27.236695 -1000.000000 86.785400
v  27.236695 -1000.000000 86.785400
v  27.552789 -1000.000000 86.259220
v  27.552789 -1000.000000 86.259220
v  27.802025 -1000.000000 85.698277
v  27.802025 -1000.000000 85.698277
v  22.263828 1000.000000 91.420119
v  22.263828 1000.000000 91.420119
v  21.889656 1000.000000 91.895983
v  21.889656 1000.000000 91.895983
v  21.575722 1000.000000 92.413594
v  21.575722 1000.000000 92.413594
v  21.326621 1000.000000 92.965414
v  21.326621 1000.000000 92.965414
v  21.146061 1000.000000 93.543232
v  21.146061 1000.000000 93.543232
v  21.036655 1000.000000 94.138616
v  21.036655 1000.000000 94.138616
v  21.036655 -1000.000000 94.138616
v  21.036655 -1000.000000 94.138616
v  21.146061 -1000.000000 93.543232
v  21.146061 -1000.000000 93.543232
v  21.326621 -1000.000000 92.965414
v  21.326621 -1000.000000 92.965414
v  21.575722 -1000.000000 92.413594
v  21.575722 -1000.000000 92.413594
v  21.889656 -1000.000000 91.895983
v  21.889656 -1000.000000 91.895983
v  22.263828 -1000.000000 91.420119
v  22.263828 -1000.000000 91.420119
v  0.036655 -1000.000000 127.367372
v  0.036655 -1000.000000 127.367372
v  0.146061 -1000.000000 126.771989
v  0.146061 -1000.000000 126.771989
v  0.326621 -1000.000000 126.194171
v  0.326621 -1000.000000 126.194171
v  0.575722 -1000.000000 125.642350
v  0.575722 -1000.000000 125.642350
v  0.889656 -1000.000000 125.124739
v  0.889656 -1000.000000 125.124739
v  1.263828 -1000.000000 124.648875
v  1.263828 -1000.000000 124.648875
v  1.263828 1000.000000 124.648875
v  1.263828 1000.000000 124.648875
v  0.889656 1000.000000 125.124739
v  0.889656 1000.000000 125.124739
v  0.575722 1000.000000 125.642350
v  0.575722 1000.000000 125.642350
v  0.326621 1000.000000 126.194171
v  0.326621 1000.000000 126.194171
v  0.146061 1000.000000 126.771989
v  0.146061 1000.000000 126.771989
v  0.036655 1000.000000 127.367372
v  0.036655 1000.000000 127.367372
v  20.963345 1000.000000 105.541557
v  20.963345 1000.000000 105.541557
v  20.853939 1000.000000 106.136940
v  20.853939 1000.000000 106.136940
v  20.673379 1000.000000 106.714759
v  20.673379 1000.000000 106.714759
v  20.424278 1000.000000 107.266579
v  20.424278 1000.000000 107.266579
v  20.110344 1000.000000 107.784190
v  20.110344 1000.000000 107.784190
v  19.736172 1000.000000 108.260054
v  19.736172 1000.000000 108.260054
v  19.736172 -1000.000000 108.260054
v  19.736172 -1000.000000 108.260054
v  20.110344 -1000.000000 107.784190
v  20.110344 -1000.000000 107.784190
v  20.424278 -1000.000000 107.266579
v  20.424278 -1000.000000 107.266579
v  20.673379 -1000.000000 106.714759
v  20.673379 -1000.000000 106.714759
v  20.853939 -1000.000000 106.136940
v  20.853939 -1000.000000 106.136940
v  20.963345 -1000.000000 105.541557
v  20.963345 -1000.000000 105.541557

vt  0.044349 0.000000 0.000000
vt  0.044349 0.000000 0.000000
vt  0.044349 0.000000 0.000000
vt  0.045835 0.000000 0.000000
vt  0.045835 0.000000 0.000000
vt  0.045835 0.000000 0.000000
vt  0.500000 0.000000 0.000000
vt  0.500000 0.000000 0.000000
vt  0.954165 0.000000 0.000000
vt  0.954165 0.000000 0.000000
vt  0.954165 0.000000 0.000000
vt  0.955651 0.000000 0.000000
vt  0.955651 0.000000 0.000000
vt  0.955651 0.000000 0.000000
vt  0.500000 0.000000 0.000000
vt  0.500000 0.000000 0.000000
vt  0.042292 0.000000 0.000000
vt  0.042292 0.000000 0.000000
vt  0.042292 0.000000 0.000000
vt  0.043577 0.000000 0.000000
vt  0.043577 0.000000 0.000000
vt  0.043577 0.000000 0.000000
vt  0.500000 0.000000 0.000000
vt  0.500000 0.000000 0.000000
vt  0.956423 0.000000 0.000000
vt  0.956423 0.000000 0.000000
vt  0.956423 0.000000 0.000000
vt  0.957708 0.000000 0.000000
vt  0.957708 0.000000 0.000000
vt  0.957708 0.000000 0.000000
vt  0.500000 0.000000 0.000000
vt  0.500000 0.000000 0.000000
vt  1.000000 0.086423 0.000000
vt  1.000000 0.086423 0.000000
vt  1.000000 0.086423 0.000000
vt  1.000000 0.091671 0.000000
vt  1.000000 0.091671 0.000000
vt  1.000000 0.091671 0.000000
vt  0.000000 1.000000 0.000000
vt  0.000000 1.000000 0.000000
vt  0.000000 0.091671 0.000000
vt  0.000000 0.091671 0.000000
vt  0.000000 0.091671 0.000000
vt  0.000000 0.086423 0.000000
vt  0.000000 0.086423 0.000000
vt  0.000000 0.086423 0.000000
vt  1.000000 1.000000 0.000000
vt  1.000000 1.000000 0.000000
vt  0.000000 0.081029 0.000000
vt  0.000000 0.081029 0.000000
vt  0.000000 0.081029 0.000000
vt  0.500000 1.000000 0.000000
vt  0.500000 1.000000 0.000000
vt  1.000000 0.081029 0.000000
vt  1.000000 0.081029 0.000000
vt  1.000000 0.081029 0.000000
vt  1.000000 0.084878 0.000000
vt  1.000000 0.084878 0.000000
vt  1.000000 0.084878 0.000000
vt  0.000000 1.000000 0.000000
vt  0.000000 1.000000 0.000000
vt  0.000000 0.084878 0.000000
vt  0.000000 0.084878 0.000000
vt  0.000000 0.084878 0.000000
vt  0.996817 0.091666 0.000000
vt  0.996817 0.091666 0.000000
vt  0.996817 0.091666 0.000000
vt  0.500000 0.956165 0.000000
vt  0.500000 0.956165 0.000000
vt  0.003183 0.091666 0.000000
vt  0.003183 0.091666 0.000000
vt  0.003183 0.091666 0.000000
vt  0.996817 0.086673 0.000000
vt  0.996817 0.086673 0.000000
vt  0.996817 0.086673 0.000000
vt  0.500000 0.953614 0.000000
vt  0.500000 0.953614 0.000000
vt  0.003183 0.086673 0.000000
vt  0.003183 0.086673 0.000000
vt  0.003183 0.086673 0.000000
vt  0.996805 0.086004 0.000000
vt  0.996805 0.086004 0.000000
vt  0.996768 0.085339 0.000000
vt  0.996768 0.085339 0.000000
vt  0.996708 0.084680 0.000000
vt  0.996708 0.084680 0.000000
vt  0.996624 0.084030 0.000000
vt  0.996624 0.084030 0.000000
vt  0.996516 0.083394 0.000000
vt  0.996516 0.083394 0.000000
vt  0.996386 0.082775 0.000000
vt  0.996386 0.082775 0.000000
vt  0.996233 0.082175 0.000000
vt  0.996233 0.082175 0.000000
vt  0.996059 0.081598 0.000000
vt  0.996059 0.081598 0.000000
vt  0.995865 0.081047 0.000000
vt  0.995865 0.081047 0.000000
vt  0.995651 0.080524 0.000000
vt  0.995651 0.080524 0.000000
vt  0.995419 0.080032 0.000000
vt  0.995419 0.080032 0.000000
vt  0.995169 0.079574 0.000000
vt  0.995169 0.079574 0.000000
vt  0.994904 0.079152 0.000000
vt  0.994904 0.079152 0.000000
vt  0.994624 0.078768 0.000000
vt  0.994624 0.078768 0.000000
vt  0.994331 0.078424 0.000000
vt  0.994331 0.078424 0.000000
vt  0.994026 0.078122 0.000000
vt  0.994026 0.078122 0.000000
vt  0.993712 0.077864 0.000000
vt  0.993712 0.077864 0.000000
vt  0.993388 0.077650 0.000000
vt  0.993388 0.077650 0.000000
vt  0.993058 0.077482 0.000000
vt  0.993058 0.077482 0.000000
vt  0.992723 0.077361 0.000000
vt  0.992723 0.077361 0.000000
vt  0.992384 0.077288 0.000000
vt  0.992384 0.077288 0.000000
vt  0.992044 0.077262 0.000000
vt  0.992044 0.077262 0.000000
vt  0.992044 0.077262 0.000000
vt  0.500000 0.871326 0.000000
vt  0.500000 0.871326 0.000000
vt  0.007956 0.077262 0.000000
vt  0.007956 0.077262 0.000000
vt  0.007956 0.077262 0.000000
vt  0.007616 0.077288 0.000000
vt  0.007616 0.077288 0.000000
vt  0.007277 0.077361 0.000000
vt  0.007277 0.077361 0.000000
vt  0.006942 0.077482 0.000000
vt  0.006942 0.077482 0.000000
vt  0.006612 0.077650 0.000000
vt  0.006612 0.077650 0.000000
vt  0.006288 0.077864 0.000000
vt  0.006288 0.077864 0.000000
vt  0.005974 0.078122 0.000000
vt  0.005974 0.078122 0.000000
vt  0.005669 0.078424 0.000000
vt  0.005669 0.078424 0.000000
vt  0.005376 0.078768 0.000000
vt  0.005376 0.078768 0.000000
vt  0.005096 0.079152 0.000000
vt  0.005096 0.079152 0.000000
vt  0.004831 0.079574 0.000000
vt  0.004831 0.079574 0.000000
vt  0.004581 0.080032 0.000000
vt  0.004581 0.080032 0.000000
vt  0.004349 0.080524 0.000000
vt  0.004349 0.080524 0.000000
vt  0.004135 0.081047 0.000000
vt  0.004135 0.081047 0.000000
vt  0.003941 0.081598 0.000000
vt  0.003941 0.081598 0.000000
vt  0.003767 0.082175 0.000000
vt  0.003767 0.082175 0.000000
vt  0.003614 0.082775 0.000000
vt  0.003614 0.082775 0.000000
vt  0.003484 0.083394 0.000000
vt  0.003484 0.083394 0.000000
vt  0.003376 0.084030 0.000000
vt  0.003376 0.084030 0.000000
vt  0.003292 0.084680 0.000000
vt  0.003292 0.084680 0.000000
vt  0.003232 0.085339 0.000000
vt  0.003232 0.085339 0.000000
vt  0.003195 0.086004 0.000000
vt  0.003195 0.086004 0.000000
vt  0.992044 0.074124 0.000000
vt  0.992044 0.074124 0.000000
vt  0.992044 0.074124 0.000000
vt  0.500000 0.865985 0.000000
vt  0.500000 0.865985 0.000000
vt  0.007956 0.074124 0.000000
vt  0.007956 0.074124 0.000000
vt  0.007956 0.074124 0.000000
vt  0.990136 0.074112 0.000000
vt  0.990136 0.074112 0.000000
vt  0.990136 0.074112 0.000000
vt  0.500000 0.835112 0.000000
vt  0.500000 0.835112 0.000000
vt  0.009864 0.074112 0.000000
vt  0.009864 0.074112 0.000000
vt  0.009864 0.074112 0.000000
vt  0.990136 0.061530 0.000000
vt  0.990136 0.061530 0.000000
vt  0.990136 0.061530 0.000000
vt  0.500000 0.803075 0.000000
vt  0.500000 0.803075 0.000000
vt  0.009864 0.061530 0.000000
vt  0.009864 0.061530 0.000000
vt  0.009864 0.061530 0.000000
vt  0.988546 0.061520 0.000000
vt  0.988546 0.061520 0.000000
vt  0.988546 0.061520 0.000000
vt  0.500000 0.773760 0.000000
vt  0.500000 0.773760 0.000000
vt  0.011454 0.061520 0.000000
vt  0.011454 0.061520 0.000000
vt  0.011454 0.061520 0.000000
vt  0.988436 0.059913 0.000000
vt  0.988436 0.059913 0.000000
vt  0.988302 0.058313 0.000000
vt  0.988302 0.058313 0.000000
vt  0.988144 0.056721 0.000000
vt  0.988144 0.056721 0.000000
vt  0.987961 0.055138 0.000000
vt  0.987961 0.055138 0.000000
vt  0.987755 0.053567 0.000000
vt  0.987755 0.053567 0.000000
vt  0.987525 0.052007 0.000000
vt  0.987525 0.052007 0.000000
vt  0.987271 0.050461 0.000000
vt  0.987271 0.050461 0.000000
vt  0.986994 0.048931 0.000000
vt  0.986994 0.048931 0.000000
vt  0.986693 0.047418 0.000000
vt  0.986693 0.047418 0.000000
vt  0.986370 0.045922 0.000000
vt  0.986370 0.045922 0.000000
vt  0.986025 0.044446 0.000000
vt  0.986025 0.044446 0.000000
vt  0.985657 0.042991 0.000000
vt  0.985657 0.042991 0.000000
vt  0.985268 0.041559 0.000000
vt  0.985268 0.041559 0.000000
vt  0.984857 0.040150 0.000000
vt  0.984857 0.040150 0.000000
vt  0.984424 0.038766 0.000000
vt  0.984424 0.038766 0.000000
vt  0.983972 0.037409 0.000000
vt  0.983972 0.037409 0.000000
vt  0.983499 0.036079 0.000000
vt  0.983499 0.036079 0.000000
vt  0.983006 0.034778 0.000000
vt  0.983006 0.034778 0.000000
vt  0.982494 0.033507 0.000000
vt  0.982494 0.033507 0.000000
vt  0.981963 0.032267 0.000000
vt  0.981963 0.032267 0.000000
vt  0.981413 0.031060 0.000000
vt  0.981413 0.031060 0.000000
vt  0.980846 0.029886 0.000000
vt  0.980846 0.029886 0.000000
vt  0.980261 0.028747 0.000000
vt  0.980261 0.028747 0.000000
vt  0.979660 0.027644 0.000000
vt  0.979660 0.027644 0.000000
vt  0.979042 0.026577 0.000000
vt  0.979042 0.026577 0.000000
vt  0.978409 0.025549 0.000000
vt  0.978409 0.025549 0.000000
vt  0.977761 0.024559 0.000000
vt  0.977761 0.024559 0.000000
vt  0.977098 0.023608 0.000000
vt  0.977098 0.023608 0.000000
vt  0.976422 0.022699 0.000000
vt  0.976422 0.022699 0.000000
vt  0.975732 0.021830 0.000000
vt  0.975732 0.021830 0.000000
vt  0.975030 0.021004 0.000000
vt  0.975030 0.021004 0.000000
vt  0.974316 0.020221 0.000000
vt  0.974316 0.020221 0.000000
vt  0.973591 0.019481 0.000000
vt  0.973591 0.019481 0.000000
vt  0.972856 0.018786 0.000000
vt  0.972856 0.018786 0.000000
vt  0.972110 0.018136 0.000000
vt  0.972110 0.018136 0.000000
vt  0.971356 0.017531 0.000000
vt  0.971356 0.017531 0.000000
vt  0.970593 0.016973 0.000000
vt  0.970593 0.016973 0.000000
vt  0.969823 0.016461 0.000000
vt  0.969823 0.016461 0.000000
vt  0.969045 0.015996 0.000000
vt  0.969045 0.015996 0.000000
vt  0.968262 0.015579 0.000000
vt  0.968262 0.015579 0.000000
vt  0.967473 0.015209 0.000000
vt  0.967473 0.015209 0.000000
vt  0.966679 0.014888 0.000000
vt  0.966679 0.014888 0.000000
vt  0.965881 0.014615 0.000000
vt  0.965881 0.014615 0.000000
vt  0.965080 0.014391 0.000000
vt  0.965080 0.014391 0.000000
vt  0.964276 0.014215 0.000000
vt  0.964276 0.014215 0.000000
vt  0.963471 0.014088 0.000000
vt  0.963471 0.014088 0.000000
vt  0.962664 0.014011 0.000000
vt  0.962664 0.014011 0.000000
vt  0.961858 0.013982 0.000000
vt  0.961858 0.013982 0.000000
vt  0.961052 0.014003 0.000000
vt  0.961052 0.014003 0.000000
vt  0.960247 0.014072 0.000000
vt  0.960247 0.014072 0.000000
vt  0.960247 0.014072 0.000000
vt  0.500000 0.111824 0.000000
vt  0.500000 0.111824 0.000000
vt  0.039753 0.014072 0.000000
vt  0.039753 0.014072 0.000000
vt  0.039753 0.014072 0.000000
vt  0.038948 0.014003 0.000000
vt  0.038948 0.014003 0.000000
vt  0.038142 0.013982 0.000000
vt  0.038142 0.013982 0.000000
vt  0.037336 0.014011 0.000000
vt  0.037336 0.014011 0.000000
vt  0.036529 0.014088 0.000000
vt  0.036529 0.014088 0.000000
vt  0.035724 0.014215 0.000000
vt  0.035724 0.014215 0.000000
vt  0.034920 0.014391 0.000000
vt  0.034920 0.014391 0.000000
vt  0.034119 0.014615 0.000000
vt  0.034119 0.014615 0.000000
vt  0.033321 0.014888 0.000000
vt  0.033321 0.014888 0.000000
vt  0.032527 0.015209 0.000000
vt  0.032527 0.015209 0.000000
vt  0.031738 0.015579 0.000000
vt  0.031738 0.015579 0.000000
vt  0.030955 0.015996 0.000000
vt  0.030955 0.015996 0.000000
vt  0.030177 0.016461 0.000000
vt  0.030177 0.016461 0.000000
vt  0.029407 0.016973 0.000000
vt  0.029407 0.016973 0.000000
vt  0.028644 0.017531 0.000000
vt  0.028644 0.017531 0.000000
vt  0.027890 0.018136 0.000000
vt  0.027890 0.018136 0.000000
vt  0.027144 0.018786 0.000000
vt  0.027144 0.018786 0.000000
vt  0.026409 0.019481 0.000000
vt  0.026409 0.019481 0.000000
vt  0.025684 0.020221 0.000000
vt  0.025684 0.020221 0.000000
vt  0.024970 0.021004 0.000000
vt  0.024970 0.021004 0.000000
vt  0.024268 0.021830 0.000000
vt  0.024268 0.021830 0.000000
vt  0.023578 0.022699 0.000000
vt  0.023578 0.022699 0.000000
vt  0.022902 0.023608 0.000000
vt  0.022902 0.023608 0.000000
vt  0.022239 0.024559 0.000000
vt  0.022239 0.024559 0.000000
vt  0.021591 0.025549 0.000000
vt  0.021591 0.025549 0.000000
vt  0.020958 0.026577 0.000000
vt  0.020958 0.026577 0.000000
vt  0.020340 0.027644 0.000000
vt  0.020340 0.027644 0.000000
vt  0.019739 0.028747 0.000000
vt  0.019739 0.028747 0.000000
vt  0.019154 0.029886 0.000000
vt  0.019154 0.029886 0.000000
vt  0.018587 0.031060 0.000000
vt  0.018587 0.031060 0.000000
vt  0.018037 0.032267 0.000000
vt  0.018037 0.032267 0.000000
vt  0.017506 0.033507 0.000000
vt  0.017506 0.033507 0.000000
vt  0.016994 0.034778 0.000000
vt  0.016994 0.034778 0.000000
vt  0.016501 0.036079 0.000000
vt  0.016501 0.036079 0.000000
vt  0.016028 0.037409 0.000000
vt  0.016028 0.037409 0.000000
vt  0.015576 0.038766 0.000000
vt  0.015576 0.038766 0.000000
vt  0.015143 0.040150 0.000000
vt  0.015143 0.040150 0.000000
vt  0.014732 0.041559 0.000000
vt  0.014732 0.041559 0.000000
vt  0.014343 0.042991 0.000000
vt  0.014343 0.042991 0.000000
vt  0.013975 0.044446 0.000000
vt  0.013975 0.044446 0.000000
vt  0.013630 0.045922 0.000000
vt  0.013630 0.045922 0.000000
vt  0.013307 0.047418 0.000000
vt  0.013307 0.047418 0.000000
vt  0.013006 0.048931 0.000000
vt  0.013006 0.048931 0.000000
vt  0.012729 0.050461 0.000000
vt  0.012729 0.050461 0.000000
vt  0.012475 0.052007 0.000000
vt  0.012475 0.052007 0.000000
vt  0.012245 0.053567 0.000000
vt  0.012245 0.053567 0.000000
vt  0.012039 0.055138 0.000000
vt  0.012039 0.055138 0.000000
vt  0.011856 0.056721 0.000000
vt  0.011856 0.056721 0.000000
vt  0.011698 0.058313 0.000000
vt  0.011698 0.058313 0.000000
vt  0.011564 0.059913 0.000000
vt  0.011564 0.059913 0.000000
vt  0.960247 0.011905 0.000000
vt  0.960247 0.011905 0.000000
vt  0.960247 0.011905 0.000000
vt  0.500000 0.094879 0.000000
vt  0.500000 0.094879 0.000000
vt  0.039753 0.011905 0.000000
vt  0.039753 0.011905 0.000000
vt  0.039753 0.011905 0.000000
vt  0.960076 0.011904 0.000000
vt  0.960076 0.011904 0.000000
vt  0.959916 0.011897 0.000000
vt  0.959916 0.011897 0.000000
vt  0.959769 0.011883 0.000000
vt  0.959769 0.011883 0.000000
vt  0.959634 0.011861 0.000000
vt  0.959634 0.011861 0.000000
vt  0.959512 0.011831 0.000000
vt  0.959512 0.011831 0.000000
vt  0.959401 0.011793 0.000000
vt  0.959401 0.011793 0.000000
vt  0.959300 0.011750 0.000000
vt  0.959300 0.011750 0.000000
vt  0.959207 0.011700 0.000000
vt  0.959207 0.011700 0.000000
vt  0.959037 0.011580 0.000000
vt  0.959037 0.011580 0.000000
vt  0.958881 0.011435 0.000000
vt  0.958881 0.011435 0.000000
vt  0.958744 0.011271 0.000000
vt  0.958744 0.011271 0.000000
vt  0.958626 0.011095 0.000000
vt  0.958626 0.011095 0.000000
vt  0.958528 0.010911 0.000000
vt  0.958528 0.010911 0.000000
vt  0.958440 0.010707 0.000000
vt  0.958440 0.010707 0.000000
vt  0.958352 0.010449 0.000000
vt  0.958352 0.010449 0.000000
vt  0.958306 0.010295 0.000000
vt  0.958306 0.010295 0.000000
vt  0.958260 0.010124 0.000000
vt  0.958260 0.010124 0.000000
vt  0.958213 0.009938 0.000000
vt  0.958213 0.009938 0.000000
vt  0.958163 0.009737 0.000000
vt  0.958163 0.009737 0.000000
vt  0.958111 0.009521 0.000000
vt  0.958111 0.009521 0.000000
vt  0.958053 0.009293 0.000000
vt  0.958053 0.009293 0.000000
vt  0.957991 0.009070 0.000000
vt  0.957991 0.009070 0.000000
vt  0.957928 0.008861 0.000000
vt  0.957928 0.008861 0.000000
vt  0.957866 0.008677 0.000000
vt  0.957866 0.008677 0.000000
vt  0.957806 0.008515 0.000000
vt  0.957806 0.008515 0.000000
vt  0.957689 0.008242 0.000000
vt  0.957689 0.008242 0.000000
vt  0.957566 0.008008 0.000000
vt  0.957566 0.008008 0.000000
vt  0.957427 0.007793 0.000000
vt  0.957427 0.007793 0.000000
vt  0.957351 0.007692 0.000000
vt  0.957351 0.007692 0.000000
vt  0.957270 0.007596 0.000000
vt  0.957270 0.007596 0.000000
vt  0.957184 0.007506 0.000000
vt  0.957184 0.007506 0.000000
vt  0.957096 0.007423 0.000000
vt  0.957096 0.007423 0.000000
vt  0.957004 0.007348 0.000000
vt  0.957004 0.007348 0.000000
vt  0.956907 0.007279 0.000000
vt  0.956907 0.007279 0.000000
vt  0.956805 0.007218 0.000000
vt  0.956805 0.007218 0.000000
vt  0.956694 0.007162 0.000000
vt  0.956694 0.007162 0.000000
vt  0.956572 0.007113 0.000000
vt  0.956572 0.007113 0.000000
vt  0.956438 0.007070 0.000000
vt  0.956438 0.007070 0.000000
vt  0.956289 0.007036 0.000000
vt  0.956289 0.007036 0.000000
vt  0.956126 0.007010 0.000000
vt  0.956126 0.007010 0.000000
vt  0.956009 0.006998 0.000000
vt  0.956009 0.006998 0.000000
vt  0.955887 0.006989 0.000000
vt  0.955887 0.006989 0.000000
vt  0.955759 0.006984 0.000000
vt  0.955759 0.006984 0.000000
vt  0.955624 0.006979 0.000000
vt  0.955624 0.006979 0.000000
vt  0.955482 0.006975 0.000000
vt  0.955482 0.006975 0.000000
vt  0.955334 0.006970 0.000000
vt  0.955334 0.006970 0.000000
vt  0.955334 0.006970 0.000000
vt  0.500000 0.049739 0.000000
vt  0.500000 0.049739 0.000000
vt  0.044666 0.006970 0.000000
vt  0.044666 0.006970 0.000000
vt  0.044666 0.006970 0.000000
vt  0.044518 0.006975 0.000000
vt  0.044518 0.006975 0.000000
vt  0.044376 0.006979 0.000000
vt  0.044376 0.006979 0.000000
vt  0.044241 0.006984 0.000000
vt  0.044241 0.006984 0.000000
vt  0.044113 0.006989 0.000000
vt  0.044113 0.006989 0.000000
vt  0.043991 0.006998 0.000000
vt  0.043991 0.006998 0.000000
vt  0.043874 0.007010 0.000000
vt  0.043874 0.007010 0.000000
vt  0.043711 0.007036 0.000000
vt  0.043711 0.007036 0.000000
vt  0.043562 0.007070 0.000000
vt  0.043562 0.007070 0.000000
vt  0.043428 0.007113 0.000000
vt  0.043428 0.007113 0.000000
vt  0.043306 0.007162 0.000000
vt  0.043306 0.007162 0.000000
vt  0.043195 0.007218 0.000000
vt  0.043195 0.007218 0.000000
vt  0.043093 0.007279 0.000000
vt  0.043093 0.007279 0.000000
vt  0.042996 0.007348 0.000000
vt  0.042996 0.007348 0.000000
vt  0.042904 0.007423 0.000000
vt  0.042904 0.007423 0.000000
vt  0.042816 0.007506 0.000000
vt  0.042816 0.007506 0.000000
vt  0.042730 0.007596 0.000000
vt  0.042730 0.007596 0.000000
vt  0.042649 0.007692 0.000000
vt  0.042649 0.007692 0.000000
vt  0.042573 0.007793 0.000000
vt  0.042573 0.007793 0.000000
vt  0.042434 0.008008 0.000000
vt  0.042434 0.008008 0.000000
vt  0.042311 0.008242 0.000000
vt  0.042311 0.008242 0.000000
vt  0.042194 0.008515 0.000000
vt  0.042194 0.008515 0.000000
vt  0.042134 0.008677 0.000000
vt  0.042134 0.008677 0.000000
vt  0.042072 0.008861 0.000000
vt  0.042072 0.008861 0.000000
vt  0.042009 0.009070 0.000000
vt  0.042009 0.009070 0.000000
vt  0.041947 0.009293 0.000000
vt  0.041947 0.009293 0.000000
vt  0.041889 0.009521 0.000000
vt  0.041889 0.009521 0.000000
vt  0.041837 0.009737 0.000000
vt  0.041837 0.009737 0.000000
vt  0.041787 0.009938 0.000000
vt  0.041787 0.009938 0.000000
vt  0.041740 0.010124 0.000000
vt  0.041740 0.010124 0.000000
vt  0.041694 0.010295 0.000000
vt  0.041694 0.010295 0.000000
vt  0.041648 0.010449 0.000000
vt  0.041648 0.010449 0.000000
vt  0.041560 0.010707 0.000000
vt  0.041560 0.010707 0.000000
vt  0.041472 0.010911 0.000000
vt  0.041472 0.010911 0.000000
vt  0.041374 0.011095 0.000000
vt  0.041374 0.011095 0.000000
vt  0.041256 0.011271 0.000000
vt  0.041256 0.011271 0.000000
vt  0.041119 0.011435 0.000000
vt  0.041119 0.011435 0.000000
vt  0.040963 0.011580 0.000000
vt  0.040963 0.011580 0.000000
vt  0.040793 0.011700 0.000000
vt  0.040793 0.011700 0.000000
vt  0.040700 0.011750 0.000000
vt  0.040700 0.011750 0.000000
vt  0.040599 0.011793 0.000000
vt  0.040599 0.011793 0.000000
vt  0.040488 0.011831 0.000000
vt  0.040488 0.011831 0.000000
vt  0.040366 0.011861 0.000000
vt  0.040366 0.011861 0.000000
vt  0.040231 0.011883 0.000000
vt  0.040231 0.011883 0.000000
vt  0.040084 0.011897 0.000000
vt  0.040084 0.011897 0.000000
vt  0.039924 0.011904 0.000000
vt  0.039924 0.011904 0.000000
vt  0.955334 0.005332 0.000000
vt  0.955334 0.005332 0.000000
vt  0.955334 0.005332 0.000000
vt  0.500000 0.038077 0.000000
vt  0.500000 0.038077 0.000000
vt  0.044666 0.005332 0.000000
vt  0.044666 0.005332 0.000000
vt  0.044666 0.005332 0.000000
vt  0.954165 0.005329 0.000000
vt  0.954165 0.005329 0.000000
vt  0.954165 0.005329 0.000000
vt  0.500000 0.037094 0.000000
vt  0.500000 0.037094 0.000000
vt  0.045835 0.005329 0.000000
vt  0.045835 0.005329 0.000000
vt  0.045835 0.005329 0.000000
vt  0.036616 0.007746 0.000000
vt  0.036616 0.007746 0.000000
vt  0.036616 0.007746 0.000000
vt  0.036870 0.007698 0.000000
vt  0.036870 0.007698 0.000000
vt  0.037122 0.007609 0.000000
vt  0.037122 0.007609 0.000000
vt  0.037369 0.007479 0.000000
vt  0.037369 0.007479 0.000000
vt  0.037610 0.007309 0.000000
vt  0.037610 0.007309 0.000000
vt  0.037843 0.007100 0.000000
vt  0.037843 0.007100 0.000000
vt  0.038067 0.006854 0.000000
vt  0.038067 0.006854 0.000000
vt  0.038280 0.006572 0.000000
vt  0.038280 0.006572 0.000000
vt  0.038482 0.006256 0.000000
vt  0.038482 0.006256 0.000000
vt  0.038670 0.005908 0.000000
vt  0.038670 0.005908 0.000000
vt  0.038843 0.005531 0.000000
vt  0.038843 0.005531 0.000000
vt  0.039000 0.005126 0.000000
vt  0.039000 0.005126 0.000000
vt  0.039000 0.005126 0.000000
vt  0.500000 0.041885 0.000000
vt  0.500000 0.041885 0.000000
vt  0.961000 0.005126 0.000000
vt  0.961000 0.005126 0.000000
vt  0.961000 0.005126 0.000000
vt  0.961157 0.005531 0.000000
vt  0.961157 0.005531 0.000000
vt  0.961330 0.005908 0.000000
vt  0.961330 0.005908 0.000000
vt  0.961518 0.006256 0.000000
vt  0.961518 0.006256 0.000000
vt  0.961720 0.006572 0.000000
vt  0.961720 0.006572 0.000000
vt  0.961933 0.006854 0.000000
vt  0.961933 0.006854 0.000000
vt  0.962157 0.007100 0.000000
vt  0.962157 0.007100 0.000000
vt  0.962390 0.007309 0.000000
vt  0.962390 0.007309 0.000000
vt  0.962631 0.007479 0.000000
vt  0.962631 0.007479 0.000000
vt  0.962878 0.007609 0.000000
vt  0.962878 0.007609 0.000000
vt  0.963130 0.007698 0.000000
vt  0.963130 0.007698 0.000000
vt  0.963384 0.007746 0.000000
vt  0.963384 0.007746 0.000000
vt  0.963384 0.007746 0.000000
vt  0.500000 0.067241 0.000000
vt  0.500000 0.067241 0.000000
vt  0.959176 0.002671 0.000000
vt  0.959176 0.002671 0.000000
vt  0.959176 0.002671 0.000000
vt  0.959415 0.002805 0.000000
vt  0.959415 0.002805 0.000000
vt  0.959649 0.002977 0.000000
vt  0.959649 0.002977 0.000000
vt  0.959875 0.003187 0.000000
vt  0.959875 0.003187 0.000000
vt  0.960092 0.003431 0.000000
vt  0.960092 0.003431 0.000000
vt  0.960299 0.003710 0.000000
vt  0.960299 0.003710 0.000000
vt  0.960495 0.004021 0.000000
vt  0.960495 0.004021 0.000000
vt  0.960677 0.004362 0.000000
vt  0.960677 0.004362 0.000000
vt  0.960846 0.004731 0.000000
vt  0.960846 0.004731 0.000000
vt  0.039154 0.004731 0.000000
vt  0.039154 0.004731 0.000000
vt  0.039323 0.004362 0.000000
vt  0.039323 0.004362 0.000000
vt  0.039505 0.004021 0.000000
vt  0.039505 0.004021 0.000000
vt  0.039701 0.003710 0.000000
vt  0.039701 0.003710 0.000000
vt  0.039908 0.003431 0.000000
vt  0.039908 0.003431 0.000000
vt  0.040125 0.003187 0.000000
vt  0.040125 0.003187 0.000000
vt  0.040351 0.002977 0.000000
vt  0.040351 0.002977 0.000000
vt  0.040585 0.002805 0.000000
vt  0.040585 0.002805 0.000000
vt  0.040824 0.002671 0.000000
vt  0.040824 0.002671 0.000000
vt  0.040824 0.002671 0.000000
vt  0.500000 0.020875 0.000000
vt  0.500000 0.020875 0.000000
vt  0.958103 0.000872 0.000000
vt  0.958103 0.000872 0.000000
vt  0.958103 0.000872 0.000000
vt  0.500000 0.006646 0.000000
vt  0.500000 0.006646 0.000000
vt  0.041897 0.000872 0.000000
vt  0.041897 0.000872 0.000000
vt  0.041897 0.000872 0.000000
vt  0.042006 0.000376 0.000000
vt  0.042006 0.000376 0.000000
vt  0.042006 0.000376 0.000000
vt  0.500000 0.002859 0.000000
vt  0.500000 0.002859 0.000000
vt  0.957994 0.000376 0.000000
vt  0.957994 0.000376 0.000000
vt  0.957994 0.000376 0.000000
vt  0.000539 0.078679 0.000000
vt  0.000539 0.078679 0.000000
vt  0.000539 0.078679 0.000000
vt  0.006145 0.068909 0.000000
vt  0.006145 0.068909 0.000000
vt  0.006145 0.068909 0.000000
vt  0.500000 0.888078 0.000000
vt  0.500000 0.888078 0.000000
vt  0.993855 0.068909 0.000000
vt  0.993855 0.068909 0.000000
vt  0.993855 0.068909 0.000000
vt  0.999461 0.078679 0.000000
vt  0.999461 0.078679 0.000000
vt  0.999461 0.078679 0.000000
vt  0.500000 0.991325 0.000000
vt  0.500000 0.991325 0.000000
vt  0.993316 0.066547 0.000000
vt  0.993316 0.066547 0.000000
vt  0.993316 0.066547 0.000000
vt  0.500000 0.874261 0.000000
vt  0.500000 0.874261 0.000000
vt  0.006684 0.066547 0.000000
vt  0.006684 0.066547 0.000000
vt  0.006684 0.066547 0.000000
vt  0.006684 0.060123 0.000000
vt  0.006684 0.060123 0.000000
vt  0.006684 0.060123 0.000000
vt  0.500000 0.861137 0.000000
vt  0.500000 0.861137 0.000000
vt  0.993316 0.060123 0.000000
vt  0.993316 0.060123 0.000000
vt  0.993316 0.060123 0.000000
vt  0.007222 0.057754 0.000000
vt  0.007222 0.057754 0.000000
vt  0.007222 0.057754 0.000000
vt  0.008409 0.055671 0.000000
vt  0.008409 0.055671 0.000000
vt  0.008409 0.055671 0.000000
vt  0.500000 0.813699 0.000000
vt  0.500000 0.813699 0.000000
vt  0.991591 0.055671 0.000000
vt  0.991591 0.055671 0.000000
vt  0.991591 0.055671 0.000000
vt  0.992778 0.057754 0.000000
vt  0.992778 0.057754 0.000000
vt  0.992778 0.057754 0.000000
vt  0.500000 0.844407 0.000000
vt  0.500000 0.844407 0.000000
vt  0.991096 0.054032 0.000000
vt  0.991096 0.054032 0.000000
vt  0.991096 0.054032 0.000000
vt  0.500000 0.797794 0.000000
vt  0.500000 0.797794 0.000000
vt  0.008904 0.054032 0.000000
vt  0.008904 0.054032 0.000000
vt  0.008904 0.054032 0.000000
vt  0.009116 0.052368 0.000000
vt  0.009116 0.052368 0.000000
vt  0.009352 0.050716 0.000000
vt  0.009352 0.050716 0.000000
vt  0.009612 0.049078 0.000000
vt  0.009612 0.049078 0.000000
vt  0.009894 0.047454 0.000000
vt  0.009894 0.047454 0.000000
vt  0.010200 0.045846 0.000000
vt  0.010200 0.045846 0.000000
vt  0.010529 0.044256 0.000000
vt  0.010529 0.044256 0.000000
vt  0.010881 0.042684 0.000000
vt  0.010881 0.042684 0.000000
vt  0.011255 0.041133 0.000000
vt  0.011255 0.041133 0.000000
vt  0.011651 0.039603 0.000000
vt  0.011651 0.039603 0.000000
vt  0.012069 0.038096 0.000000
vt  0.012069 0.038096 0.000000
vt  0.012508 0.036612 0.000000
vt  0.012508 0.036612 0.000000
vt  0.012968 0.035154 0.000000
vt  0.012968 0.035154 0.000000
vt  0.013448 0.033722 0.000000
vt  0.013448 0.033722 0.000000
vt  0.013949 0.032318 0.000000
vt  0.013949 0.032318 0.000000
vt  0.014470 0.030943 0.000000
vt  0.014470 0.030943 0.000000
vt  0.015010 0.029598 0.000000
vt  0.015010 0.029598 0.000000
vt  0.015569 0.028284 0.000000
vt  0.015569 0.028284 0.000000
vt  0.016146 0.027003 0.000000
vt  0.016146 0.027003 0.000000
vt  0.016741 0.025754 0.000000
vt  0.016741 0.025754 0.000000
vt  0.017354 0.024540 0.000000
vt  0.017354 0.024540 0.000000
vt  0.017983 0.023362 0.000000
vt  0.017983 0.023362 0.000000
vt  0.018629 0.022220 0.000000
vt  0.018629 0.022220 0.000000
vt  0.019291 0.021115 0.000000
vt  0.019291 0.021115 0.000000
vt  0.019968 0.020048 0.000000
vt  0.019968 0.020048 0.000000
vt  0.020660 0.019021 0.000000
vt  0.020660 0.019021 0.000000
vt  0.021366 0.018034 0.000000
vt  0.021366 0.018034 0.000000
vt  0.022085 0.017087 0.000000
vt  0.022085 0.017087 0.000000
vt  0.022818 0.016183 0.000000
vt  0.022818 0.016183 0.000000
vt  0.023563 0.015320 0.000000
vt  0.023563 0.015320 0.000000
vt  0.024319 0.014501 0.000000
vt  0.024319 0.014501 0.000000
vt  0.025086 0.013725 0.000000
vt  0.025086 0.013725 0.000000
vt  0.025864 0.012994 0.000000
vt  0.025864 0.012994 0.000000
vt  0.026652 0.012308 0.000000
vt  0.026652 0.012308 0.000000
vt  0.027449 0.011668 0.000000
vt  0.027449 0.011668 0.000000
vt  0.028254 0.011073 0.000000
vt  0.028254 0.011073 0.000000
vt  0.029067 0.010525 0.000000
vt  0.029067 0.010525 0.000000
vt  0.029887 0.010024 0.000000
vt  0.029887 0.010024 0.000000
vt  0.030713 0.009571 0.000000
vt  0.030713 0.009571 0.000000
vt  0.031545 0.009165 0.000000
vt  0.031545 0.009165 0.000000
vt  0.032382 0.008807 0.000000
vt  0.032382 0.008807 0.000000
vt  0.033223 0.008498 0.000000
vt  0.033223 0.008498 0.000000
vt  0.034067 0.008237 0.000000
vt  0.034067 0.008237 0.000000
vt  0.034915 0.008024 0.000000
vt  0.034915 0.008024 0.000000
vt  0.035765 0.007861 0.000000
vt  0.035765 0.007861 0.000000
vt  0.964235 0.007861 0.000000
vt  0.964235 0.007861 0.000000
vt  0.965085 0.008024 0.000000
vt  0.965085 0.008024 0.000000
vt  0.965933 0.008237 0.000000
vt  0.965933 0.008237 0.000000
vt  0.966777 0.008498 0.000000
vt  0.966777 0.008498 0.000000
vt  0.967618 0.008807 0.000000
vt  0.967618 0.008807 0.000000
vt  0.968455 0.009165 0.000000
vt  0.968455 0.009165 0.000000
vt  0.969287 0.009571 0.000000
vt  0.969287 0.009571 0.000000
vt  0.970113 0.010024 0.000000
vt  0.970113 0.010024 0.000000
vt  0.970933 0.010525 0.000000
vt  0.970933 0.010525 0.000000
vt  0.971746 0.011073 0.000000
vt  0.971746 0.011073 0.000000
vt  0.972551 0.011668 0.000000
vt  0.972551 0.011668 0.000000
vt  0.973348 0.012308 0.000000
vt  0.973348 0.012308 0.000000
vt  0.974136 0.012994 0.000000
vt  0.974136 0.012994 0.000000
vt  0.974914 0.013725 0.000000
vt  0.974914 0.013725 0.000000
vt  0.975681 0.014501 0.000000
vt  0.975681 0.014501 0.000000
vt  0.976437 0.015320 0.000000
vt  0.976437 0.015320 0.000000
vt  0.977182 0.016183 0.000000
vt  0.977182 0.016183 0.000000
vt  0.977915 0.017087 0.000000
vt  0.977915 0.017087 0.000000
vt  0.978634 0.018034 0.000000
vt  0.978634 0.018034 0.000000
vt  0.979340 0.019021 0.000000
vt  0.979340 0.019021 0.000000
vt  0.980032 0.020048 0.000000
vt  0.980032 0.020048 0.000000
vt  0.980709 0.021115 0.000000
vt  0.980709 0.021115 0.000000
vt  0.981371 0.022220 0.000000
vt  0.981371 0.022220 0.000000
vt  0.982017 0.023362 0.000000
vt  0.982017 0.023362 0.000000
vt  0.982646 0.024540 0.000000
vt  0.982646 0.024540 0.000000
vt  0.983259 0.025754 0.000000
vt  0.983259 0.025754 0.000000
vt  0.983854 0.027003 0.000000
vt  0.983854 0.027003 0.000000
vt  0.984431 0.028284 0.000000
vt  0.984431 0.028284 0.000000
vt  0.984990 0.029598 0.000000
vt  0.984990 0.029598 0.000000
vt  0.985530 0.030943 0.000000
vt  0.985530 0.030943 0.000000
vt  0.986051 0.032318 0.000000
vt  0.986051 0.032318 0.000000
vt  0.986552 0.033722 0.000000
vt  0.986552 0.033722 0.000000
vt  0.987032 0.035154 0.000000
vt  0.987032 0.035154 0.000000
vt  0.987492 0.036612 0.000000
vt  0.987492 0.036612 0.000000
vt  0.987931 0.038096 0.000000
vt  0.987931 0.038096 0.000000
vt  0.988349 0.039603 0.000000
vt  0.988349 0.039603 0.000000
vt  0.988745 0.041133 0.000000
vt  0.988745 0.041133 0.000000
vt  0.989119 0.042684 0.000000
vt  0.989119 0.042684 0.000000
vt  0.989471 0.044256 0.000000
vt  0.989471 0.044256 0.000000
vt  0.989800 0.045846 0.000000
vt  0.989800 0.045846 0.000000
vt  0.990106 0.047454 0.000000
vt  0.990106 0.047454 0.000000
vt  0.990388 0.049078 0.000000
vt  0.990388 0.049078 0.000000
vt  0.990648 0.050716 0.000000
vt  0.990648 0.050716 0.000000
vt  0.990884 0.052368 0.000000
vt  0.990884 0.052368 0.000000
vt  0.999966 0.086144 0.000000
vt  0.999966 0.086144 0.000000
vt  0.999966 0.086144 0.000000
vt  0.500000 0.999506 0.000000
vt  0.500000 0.999506 0.000000
vt  0.000034 0.086144 0.000000
vt  0.000034 0.086144 0.000000
vt  0.000034 0.086144 0.000000
vt  0.000088 0.085930 0.000000
vt  0.000088 0.085930 0.000000
vt  0.000088 0.085930 0.000000
vt  0.500000 0.998704 0.000000
vt  0.500000 0.998704 0.000000
vt  0.999912 0.085930 0.000000
vt  0.999912 0.085930 0.000000
vt  0.999912 0.085930 0.000000
vt  0.000034 0.085157 0.000000
vt  0.000034 0.085157 0.000000
vt  0.000034 0.085157 0.000000
vt  0.500000 0.999501 0.000000
vt  0.500000 0.999501 0.000000
vt  0.999966 0.085157 0.000000
vt  0.999966 0.085157 0.000000
vt  0.999966 0.085157 0.000000
vt  0.999912 0.085371 0.000000
vt  0.999912 0.085371 0.000000
vt  0.999912 0.085371 0.000000
vt  0.500000 0.998696 0.000000
vt  0.500000 0.998696 0.000000
vt  0.000088 0.085371 0.000000
vt  0.000088 0.085371 0.000000
vt  0.000088 0.085371 0.000000
vt  0.956283 0.000067 0.000000
vt  0.956283 0.000067 0.000000
vt  0.956283 0.000067 0.000000
vt  0.500000 0.000486 0.000000
vt  0.500000 0.000486 0.000000
vt  0.043717 0.000067 0.000000
vt  0.043717 0.000067 0.000000
vt  0.043717 0.000067 0.000000
vt  0.043824 0.000174 0.000000
vt  0.043824 0.000174 0.000000
vt  0.043824 0.000174 0.000000
vt  0.500000 0.001270 0.000000
vt  0.500000 0.001270 0.000000
vt  0.956176 0.000174 0.000000
vt  0.956176 0.000174 0.000000
vt  0.956176 0.000174 0.000000
vt  0.044210 0.000067 0.000000
vt  0.044210 0.000067 0.000000
vt  0.044210 0.000067 0.000000
vt  0.500000 0.000481 0.000000
vt  0.500000 0.000481 0.000000
vt  0.955790 0.000067 0.000000
vt  0.955790 0.000067 0.000000
vt  0.955790 0.000067 0.000000
vt  0.955897 0.000174 0.000000
vt  0.955897 0.000174 0.000000
vt  0.955897 0.000174 0.000000
vt  0.500000 0.001262 0.000000
vt  0.500000 0.001262 0.000000
vt  0.044103 0.000174 0.000000
vt  0.044103 0.000174 0.000000
vt  0.044103 0.000174 0.000000
vt  0.043892 0.000224 0.000000
vt  0.043892 0.000224 0.000000
vt  0.043963 0.000241 0.000000
vt  0.043963 0.000241 0.000000
vt  0.044035 0.000224 0.000000
vt  0.044035 0.000224 0.000000
vt  0.955965 0.000224 0.000000
vt  0.955965 0.000224 0.000000
vt  0.956037 0.000241 0.000000
vt  0.956037 0.000241 0.000000
vt  0.956108 0.000224 0.000000
vt  0.956108 0.000224 0.000000
vt  0.000113 0.085794 0.000000
vt  0.000113 0.085794 0.000000
vt  0.000122 0.085651 0.000000
vt  0.000122 0.085651 0.000000
vt  0.000113 0.085507 0.000000
vt  0.000113 0.085507 0.000000
vt  0.999887 0.085507 0.000000
vt  0.999887 0.085507 0.000000
vt  0.999878 0.085651 0.000000
vt  0.999878 0.085651 0.000000
vt  0.999887 0.085794 0.000000
vt  0.999887 0.085794 0.000000
vt  0.956351 0.000017 0.000000
vt  0.956351 0.000017 0.000000
vt  0.043649 0.000017 0.000000
vt  0.043649 0.000017 0.000000
vt  0.044278 0.000017 0.000000
vt  0.044278 0.000017 0.000000
vt  0.955722 0.000017 0.000000
vt  0.955722 0.000017 0.000000
vt  0.000009 0.085021 0.000000
vt  0.000009 0.085021 0.000000
vt  0.999991 0.085021 0.000000
vt  0.999991 0.085021 0.000000
vt  0.999991 0.086280 0.000000
vt  0.999991 0.086280 0.000000
vt  0.000009 0.086280 0.000000
vt  0.000009 0.086280 0.000000
vt  0.957780 0.000017 0.000000
vt  0.957780 0.000017 0.000000
vt  0.957847 0.000066 0.000000
vt  0.957847 0.000066 0.000000
vt  0.957908 0.000146 0.000000
vt  0.957908 0.000146 0.000000
vt  0.957958 0.000251 0.000000
vt  0.957958 0.000251 0.000000
vt  0.042042 0.000251 0.000000
vt  0.042042 0.000251 0.000000
vt  0.042092 0.000146 0.000000
vt  0.042092 0.000146 0.000000
vt  0.042153 0.000066 0.000000
vt  0.042153 0.000066 0.000000
vt  0.042220 0.000017 0.000000
vt  0.042220 0.000017 0.000000
vt  0.958185 0.001197 0.000000
vt  0.958185 0.001197 0.000000
vt  0.958285 0.001499 0.000000
vt  0.958285 0.001499 0.000000
vt  0.958402 0.001777 0.000000
vt  0.958402 0.001777 0.000000
vt  0.958534 0.002026 0.000000
vt  0.958534 0.002026 0.000000
vt  0.958680 0.002242 0.000000
vt  0.958680 0.002242 0.000000
vt  0.958837 0.002423 0.000000
vt  0.958837 0.002423 0.000000
vt  0.959003 0.002567 0.000000
vt  0.959003 0.002567 0.000000
vt  0.040997 0.002567 0.000000
vt  0.040997 0.002567 0.000000
vt  0.041163 0.002423 0.000000
vt  0.041163 0.002423 0.000000
vt  0.041320 0.002242 0.000000
vt  0.041320 0.002242 0.000000
vt  0.041466 0.002026 0.000000
vt  0.041466 0.002026 0.000000
vt  0.041598 0.001777 0.000000
vt  0.041598 0.001777 0.000000
vt  0.041715 0.001499 0.000000
vt  0.041715 0.001499 0.000000
vt  0.041815 0.001197 0.000000
vt  0.041815 0.001197 0.000000
vt  0.991153 0.054403 0.000000
vt  0.991153 0.054403 0.000000
vt  0.991232 0.054758 0.000000
vt  0.991232 0.054758 0.000000
vt  0.991332 0.055091 0.000000
vt  0.991332 0.055091 0.000000
vt  0.991453 0.055397 0.000000
vt  0.991453 0.055397 0.000000
vt  0.008547 0.055397 0.000000
vt  0.008547 0.055397 0.000000
vt  0.008668 0.055091 0.000000
vt  0.008668 0.055091 0.000000
vt  0.008768 0.054758 0.000000
vt  0.008768 0.054758 0.000000
vt  0.008847 0.054403 0.000000
vt  0.008847 0.054403 0.000000
vt  0.992914 0.058024 0.000000
vt  0.992914 0.058024 0.000000
vt  0.993033 0.058325 0.000000
vt  0.993033 0.058325 0.000000
vt  0.993133 0.058652 0.000000
vt  0.993133 0.058652 0.000000
vt  0.993213 0.059001 0.000000
vt  0.993213 0.059001 0.000000
vt  0.993270 0.059365 0.000000
vt  0.993270 0.059365 0.000000
vt  0.993305 0.059741 0.000000
vt  0.993305 0.059741 0.000000
vt  0.006695 0.059741 0.000000
vt  0.006695 0.059741 0.000000
vt  0.006730 0.059365 0.000000
vt  0.006730 0.059365 0.000000
vt  0.006787 0.059001 0.000000
vt  0.006787 0.059001 0.000000
vt  0.006867 0.058652 0.000000
vt  0.006867 0.058652 0.000000
vt  0.006967 0.058325 0.000000
vt  0.006967 0.058325 0.000000
vt  0.007086 0.058024 0.000000
vt  0.007086 0.058024 0.000000
vt  0.000012 0.080650 0.000000
vt  0.000012 0.080650 0.000000
vt  0.000046 0.080277 0.000000
vt  0.000046 0.080277 0.000000
vt  0.000104 0.079915 0.000000
vt  0.000104 0.079915 0.000000
vt  0.000183 0.079569 0.000000
vt  0.000183 0.079569 0.000000
vt  0.000283 0.079245 0.000000
vt  0.000283 0.079245 0.000000
vt  0.000402 0.078947 0.000000
vt  0.000402 0.078947 0.000000
vt  0.999598 0.078947 0.000000
vt  0.999598 0.078947 0.000000
vt  0.999717 0.079245 0.000000
vt  0.999717 0.079245 0.000000
vt  0.999817 0.079569 0.000000
vt  0.999817 0.079569 0.000000
vt  0.999896 0.079915 0.000000
vt  0.999896 0.079915 0.000000
vt  0.999954 0.080277 0.000000
vt  0.999954 0.080277 0.000000
vt  0.999988 0.080650 0.000000
vt  0.999988 0.080650 0.000000
vt  0.993328 0.066927 0.000000
vt  0.993328 0.066927 0.000000
vt  0.993363 0.067302 0.000000
vt  0.993363 0.067302 0.000000
vt  0.993420 0.067666 0.000000
vt  0.993420 0.067666 0.000000
vt  0.993500 0.068014 0.000000
vt  0.993500 0.068014 0.000000
vt  0.993600 0.068340 0.000000
vt  0.993600 0.068340 0.000000
vt  0.993719 0.068640 0.000000
vt  0.993719 0.068640 0.000000
vt  0.006281 0.068640 0.000000
vt  0.006281 0.068640 0.000000
vt  0.006400 0.068340 0.000000
vt  0.006400 0.068340 0.000000
vt  0.006500 0.068014 0.000000
vt  0.006500 0.068014 0.000000
vt  0.006580 0.067666 0.000000
vt  0.006580 0.067666 0.000000
vt  0.006637 0.067302 0.000000
vt  0.006637 0.067302 0.000000
vt  0.006672 0.066927 0.000000
vt  0.006672 0.066927 0.000000

vn  0.000000 0.000000 -1.000000
vn  0.000000 0.000000 -1.000000
vn  0.000000 -1.000000 0.000000
vn  0.000000 0.000000 -1.000000
vn  1.000000 0.000000 0.000000
vn  0.000000 -1.000000 0.000000
vn  0.000000 0.000000 -1.000000
vn  1.000000 0.000000 0.000000
vn  0.000000 0.000000 -1.000000
vn  1.000000 0.000000 0.000000
vn  0.000000 1.000000 0.000000
vn  0.000000 0.000000 -1.000000
vn  0.000000 0.000000 -1.000000
vn  0.000000 1.000000 0.000000
vn  0.000000 0.000000 -1.000000
vn  0.000000 0.000000 -1.000000
vn  0.000000 0.000000 -1.000000
vn  0.000000 0.000000 -1.000000
vn  0.000000 -1.000000 0.000000
vn  0.000000 0.000000 -1.000000
vn  0.000000 0.000000 -1.000000
vn  0.000000 -1.000000 0.000000
vn  0.000000 0.000000 -1.000000
vn  -0.000000 0.000000 -1.000000
vn  0.000000 0.000000 -1.000000
vn  -0.000000 0.000000 -1.000000
vn  0.000000 1.000000 0.000000
vn  0.000000 0.000000 -1.000000
vn  0.000000 0.000000 -1.000000
vn  0.000000 1.000000 0.000000
vn  0.000000 0.000000 -1.000000
vn  0.000000 0.000000 -1.000000
vn  -1.000000 0.000000 0.000000
vn  -1.000000 0.000000 0.000000
vn  0.000000 1.000000 0.000000
vn  -1.000000 0.000000 0.000000
vn  0.000000 0.000000 1.000000
vn  0.000000 1.000000 0.000000
vn  -1.000000 0.000000 0.000000
vn  0.000000 0.000000 1.000000
vn  -1.000000 0.000000 0.000000
vn  0.000000 0.000000 1.000000
vn  0.000000 -1.000000 0.000000
vn  -1.000000 0.000000 0.000000
vn  -1.000000 0.000000 0.000000
vn  0.000000 -1.000000 0.000000
vn  -1.000000 0.000000 0.000000
vn  -1.000000 0.000000 0.000000
vn  -1.000000 0.000000 0.000000
vn  -1.000000 0.000000 0.000000
vn  0.000000 -1.000000 0.000000
vn  -1.000000 0.000000 0.000000
vn  -1.000000 0.000000 0.000000
vn  -1.000000 0.000000 0.000000
vn  -1.000000 0.000000 0.000000
vn  0.000000 1.000000 0.000000
vn  -1.000000 0.000000 0.000000
vn  -1.000000 0.000000 0.000000
vn  0.000000 1.000000 0.000000
vn  -1.000000 0.000000 0.000000
vn  -1.000000 0.000000 0.000000
vn  -1.000000 0.000000 0.000000
vn  -1.000000 0.000000 0.000000
vn  0.000000 -1.000000 0.000000
vn  0.000000 0.000000 1.000000
vn  1.000000 0.000000 0.000000
vn  0.000000 1.000000 0.000000
vn  0.000000 0.000000 1.000000
vn  1.000000 0.000000 0.000000
vn  0.000000 0.000000 1.000000
vn  1.000000 0.000000 0.000000
vn  0.000000 -1.000000 0.000000
vn  1.000000 0.000000 0.000000
vn  1.000000 0.000000 0.000000
vn  0.000000 1.000000 0.000000
vn  1.000000 0.000000 0.000000
vn  1.000000 0.000000 0.000000
vn  1.000000 0.000000 0.000000
vn  1.000000 0.000000 0.000000
vn  0.000000 -1.000000 0.000000
vn  0.997452 0.000000 0.071341
vn  0.000000 1.000000 0.000000
vn  0.989821 0.000000 0.142314
vn  0.000000 1.000000 0.000000
vn  0.977147 0.000000 0.212564
vn  0.000000 1.000000 0.000000
vn  0.959493 0.000000 0.281733
vn  0.000000 1.000000 0.000000
vn  0.936949 0.000000 0.349465
vn  0.000000 1.000000 0.000000
vn  0.909632 0.000000 0.415414
vn  0.000000 1.000000 0.000000
vn  0.877679 0.000000 0.479248
vn  0.000000 1.000000 0.000000
vn  0.841253 0.000000 0.540642
vn  0.000000 1.000000 0.000000
vn  0.800541 0.000000 0.599278
vn  0.000000 1.000000 0.000000
vn  0.755750 0.000000 0.654860
vn  0.000000 1.000000 0.000000
vn  0.707107 0.000000 0.707107
vn  0.000000 1.000000 0.000000
vn  0.654860 0.000000 0.755750
vn  0.000000 1.000000 0.000000
vn  0.599278 0.000000 0.800541
vn  0.000000 1.000000 0.000000
vn  0.540642 0.000000 0.841253
vn  0.000000 1.000000 0.000000
vn  0.479248 0.000000 0.877679
vn  0.000000 1.000000 0.000000
vn  0.415414 0.000000 0.909632
vn  0.000000 1.000000 0.000000
vn  0.349465 0.000000 0.936949
vn  0.000000 1.000000 0.000000
vn  0.281733 0.000000 0.959493
vn  0.000000 1.000000 0.000000
vn  0.212564 0.000000 0.977147
vn  0.000000 1.000000 0.000000
vn  0.142314 0.000000 0.989821
vn  0.000000 1.000000 0.000000
vn  0.071341 0.000000 0.997452
vn  0.000000 1.000000 0.000000
vn  -0.000000 0.000000 1.000000
vn  1.000000 0.000000 0.000000
vn  0.000000 1.000000 0.000000
vn  -0.000000 0.000000 1.000000
vn  1.000000 0.000000 0.000000
vn  -0.000000 0.000000 1.000000
vn  1.000000 0.000000 0.000000
vn  0.000000 -1.000000 0.000000
vn  0.071341 0.000000 0.997452
vn  0.000000 -1.000000 0.000000
vn  0.142314 0.000000 0.989821
vn  0.000000 -1.000000 0.000000
vn  0.212564 0.000000 0.977147
vn  0.000000 -1.000000 0.000000
vn  0.281733 0.000000 0.959493
vn  0.000000 -1.000000 0.000000
vn  0.349465 0.000000 0.936949
vn  0.000000 -1.000000 0.000000
vn  0.415414 0.000000 0.909632
vn  0.000000 -1.000000 0.000000
vn  0.479248 0.000000 0.877679
vn  0.000000 -1.000000 0.000000
vn  0.540642 0.000000 0.841253
vn  0.000000 -1.000000 0.000000
vn  0.599278 0.000000 0.800541
vn  0.000000 -1.000000 0.000000
vn  0.654860 0.000000 0.755750
vn  0.000000 -1.000000 0.000000
vn  0.707107 0.000000 0.707107
vn  0.000000 -1.000000 0.000000
vn  0.755750 0.000000 0.654860
vn  0.000000 -1.000000 0.000000
vn  0.800541 0.000000 0.599278
vn  0.000000 -1.000000 0.000000
vn  0.841253 0.000000 0.540642
vn  0.000000 -1.000000 0.000000
vn  0.877679 0.000000 0.479248
vn  0.000000 -1.000000 0.000000
vn  0.909632 0.000000 0.415414
vn  0.000000 -1.000000 0.000000
vn  0.936949 0.000000 0.349465
vn  0.000000 -1.000000 0.000000
vn  0.959493 0.000000 0.281733
vn  0.000000 -1.000000 0.000000
vn  0.977147 0.000000 0.212564
vn  0.000000 -1.000000 0.000000
vn  0.989821 0.000000 0.142314
vn  0.000000 -1.000000 0.000000
vn  0.997452 0.000000 0.071341
vn  0.000000 -1.000000 0.000000
vn  1.000000 0.000000 0.000000
vn  0.000000 0.000000 1.000000
vn  0.000000 1.000000 0.000000
vn  1.000000 0.000000 0.000000
vn  0.000000 0.000000 1.000000
vn  1.000000 0.000000 0.000000
vn  0.000000 0.000000 1.000000
vn  0.000000 -1.000000 0.000000
vn  0.000000 0.000000 1.000000
vn  1.000000 0.000000 0.000000
vn  0.000000 1.000000 0.000000
vn  0.000000 0.000000 1.000000
vn  1.000000 0.000000 0.000000
vn  0.000000 0.000000 1.000000
vn  1.000000 0.000000 0.000000
vn  0.000000 -1.000000 0.000000
vn  1.000000 0.000000 0.000000
vn  0.000000 0.000000 1.000000
vn  0.000000 1.000000 0.000000
vn  1.000000 0.000000 0.000000
vn  0.000000 0.000000 1.000000
vn  1.000000 0.000000 0.000000
vn  0.000000 0.000000 1.000000
vn  0.000000 -1.000000 0.000000
vn  0.000000 0.000000 1.000000
vn  0.992880 0.000000 0.119121
vn  0.000000 1.000000 0.000000
vn  0.000000 0.000000 1.000000
vn  0.992880 0.000000 0.119121
vn  0.000000 0.000000 1.000000
vn  0.992880 0.000000 0.119121
vn  0.000000 -1.000000 0.000000
vn  0.988824 0.000000 0.149087
vn  0.000000 1.000000 0.000000
vn  0.983864 0.000000 0.178916
vn  0.000000 1.000000 0.000000
vn  0.978005 0.000000 0.208581
vn  0.000000 1.000000 0.000000
vn  0.971252 0.000000 0.238055
vn  0.000000 1.000000 0.000000
vn  0.963610 0.000000 0.267312
vn  0.000000 1.000000 0.000000
vn  0.955087 0.000000 0.296325
vn  0.000000 1.000000 0.000000
vn  0.945691 0.000000 0.325067
vn  0.000000 1.000000 0.000000
vn  0.935430 0.000000 0.353511
vn  0.000000 1.000000 0.000000
vn  0.924314 0.000000 0.381632
vn  0.000000 1.000000 0.000000
vn  0.912353 0.000000 0.409404
vn  0.000000 1.000000 0.000000
vn  0.899558 0.000000 0.436802
vn  0.000000 1.000000 0.000000
vn  0.885940 0.000000 0.463800
vn  0.000000 1.000000 0.000000
vn  0.871512 0.000000 0.490375
vn  0.000000 1.000000 0.000000
vn  0.856287 0.000000 0.516501
vn  0.000000 1.000000 0.000000
vn  0.840279 0.000000 0.542155
vn  0.000000 1.000000 0.000000
vn  0.823503 0.000000 0.567312
vn  0.000000 1.000000 0.000000
vn  0.805974 0.000000 0.591951
vn  0.000000 1.000000 0.000000
vn  0.787708 0.000000 0.616049
vn  0.000000 1.000000 0.000000
vn  0.768721 0.000000 0.639584
vn  0.000000 1.000000 0.000000
vn  0.749032 0.000000 0.662534
vn  0.000000 1.000000 0.000000
vn  0.728657 0.000000 0.684878
vn  0.000000 1.000000 0.000000
vn  0.707617 0.000000 0.706596
vn  0.000000 1.000000 0.000000
vn  0.685930 0.000000 0.727668
vn  0.000000 1.000000 0.000000
vn  0.663615 0.000000 0.748074
vn  0.000000 1.000000 0.000000
vn  0.640694 0.000000 0.767797
vn  0.000000 1.000000 0.000000
vn  0.617186 0.000000 0.786817
vn  0.000000 1.000000 0.000000
vn  0.593115 0.000000 0.805118
vn  0.000000 1.000000 0.000000
vn  0.568501 0.000000 0.822683
vn  0.000000 1.000000 0.000000
vn  0.543368 0.000000 0.839495
vn  0.000000 1.000000 0.000000
vn  0.517737 0.000000 0.855540
vn  0.000000 1.000000 0.000000
vn  0.491633 0.000000 0.870802
vn  0.000000 1.000000 0.000000
vn  0.465079 0.000000 0.885269
vn  0.000000 1.000000 0.000000
vn  0.438100 0.000000 0.898926
vn  0.000000 1.000000 0.000000
vn  0.410721 0.000000 0.911761
vn  0.000000 1.000000 0.000000
vn  0.382967 0.000000 0.923762
vn  0.000000 1.000000 0.000000
vn  0.354862 0.000000 0.934919
vn  0.000000 1.000000 0.000000
vn  0.326432 0.000000 0.945221
vn  0.000000 1.000000 0.000000
vn  0.297704 0.000000 0.954658
vn  0.000000 1.000000 0.000000
vn  0.268704 0.000000 0.963223
vn  0.000000 1.000000 0.000000
vn  0.239458 0.000000 0.970907
vn  0.000000 1.000000 0.000000
vn  0.209993 0.000000 0.977703
vn  0.000000 1.000000 0.000000
vn  0.180337 0.000000 0.983605
vn  0.000000 1.000000 0.000000
vn  0.150515 0.000000 0.988608
vn  0.000000 1.000000 0.000000
vn  0.120555 0.000000 0.992707
vn  0.000000 1.000000 0.000000
vn  0.090485 0.000000 0.995898
vn  0.000000 1.000000 0.000000
vn  0.060333 0.000000 0.998178
vn  0.000000 1.000000 0.000000
vn  0.030126 0.000000 0.999546
vn  0.000000 1.000000 0.000000
vn  -0.000109 0.000000 1.000000
vn  0.000000 1.000000 0.000000
vn  -0.030344 0.000000 0.999540
vn  0.000000 1.000000 0.000000
vn  -0.060551 0.000000 0.998165
vn  1.000000 0.000000 0.000000
vn  0.000000 1.000000 0.000000
vn  -0.060551 0.000000 0.998165
vn  1.000000 0.000000 0.000000
vn  -0.060551 0.000000 0.998165
vn  1.000000 0.000000 0.000000
vn  0.000000 -1.000000 0.000000
vn  -0.030344 0.000000 0.999540
vn  0.000000 -1.000000 0.000000
vn  -0.000109 0.000000 1.000000
vn  0.000000 -1.000000 0.000000
vn  0.030126 0.000000 0.999546
vn  0.000000 -1.000000 0.000000
vn  0.060333 0.000000 0.998178
vn  0.000000 -1.000000 0.000000
vn  0.090485 0.000000 0.995898
vn  0.000000 -1.000000 0.000000
vn  0.120555 0.000000 0.992707
vn  0.000000 -1.000000 0.000000
vn  0.150515 0.000000 0.988608
vn  0.000000 -1.000000 0.000000
vn  0.180337 0.000000 0.983605
vn  0.000000 -1.000000 0.000000
vn  0.209993 0.000000 0.977703
vn  0.000000 -1.000000 0.000000
vn  0.239458 0.000000 0.970907
vn  0.000000 -1.000000 0.000000
vn  0.268704 0.000000 0.963223
vn  0.000000 -1.000000 0.000000
vn  0.297704 0.000000 0.954658
vn  0.000000 -1.000000 0.000000
vn  0.326432 0.000000 0.945221
vn  0.000000 -1.000000 0.000000
vn  0.354862 0.000000 0.934919
vn  0.000000 -1.000000 0.000000
vn  0.382967 0.000000 0.923762
vn  0.000000 -1.000000 0.000000
vn  0.410721 0.000000 0.911761
vn  0.000000 -1.000000 0.000000
vn  0.438100 0.000000 0.898926
vn  0.000000 -1.000000 0.000000
vn  0.465079 0.000000 0.885269
vn  0.000000 -1.000000 0.000000
vn  0.491633 0.000000 0.870802
vn  0.000000 -1.000000 0.000000
vn  0.517737 0.000000 0.855540
vn  0.000000 -1.000000 0.000000
vn  0.543368 0.000000 0.839495
vn  0.000000 -1.000000 0.000000
vn  0.568501 0.000000 0.822683
vn  0.000000 -1.000000 0.000000
vn  0.593115 0.000000 0.805118
vn  0.000000 -1.000000 0.000000
vn  0.617186 0.000000 0.786817
vn  0.000000 -1.000000 0.000000
vn  0.640694 0.000000 0.767797
vn  0.000000 -1.000000 0.000000
vn  0.663615 0.000000 0.748074
vn  0.000000 -1.000000 0.000000
vn  0.685930 0.000000 0.727668
vn  0.000000 -1.000000 0.000000
vn  0.707617 0.000000 0.706596
vn  0.000000 -1.000000 0.000000
vn  0.728657 0.000000 0.684878
vn  0.000000 -1.000000 0.000000
vn  0.749032 0.000000 0.662534
vn  0.000000 -1.000000 0.000000
vn  0.768721 0.000000 0.639584
vn  0.000000 -1.000000 0.000000
vn  0.787708 0.000000 0.616049
vn  0.000000 -1.000000 0.000000
vn  0.805974 0.000000 0.591951
vn  0.000000 -1.000000 0.000000
vn  0.823503 0.000000 0.567312
vn  0.000000 -1.000000 0.000000
vn  0.840279 0.000000 0.542155
vn  0.000000 -1.000000 0.000000
vn  0.856287 0.000000 0.516501
vn  0.000000 -1.000000 0.000000
vn  0.871512 0.000000 0.490375
vn  0.000000 -1.000000 0.000000
vn  0.885940 0.000000 0.463800
vn  0.000000 -1.000000 0.000000
vn  0.899558 0.000000 0.436802
vn  0.000000 -1.000000 0.000000
vn  0.912353 0.000000 0.409404
vn  0.000000 -1.000000 0.000000
vn  0.924314 0.000000 0.381632
vn  0.000000 -1.000000 0.000000
vn  0.935430 0.000000 0.353511
vn  0.000000 -1.000000 0.000000
vn  0.945691 0.000000 0.325067
vn  0.000000 -1.000000 0.000000
vn  0.955087 0.000000 0.296325
vn  0.000000 -1.000000 0.000000
vn  0.963610 0.000000 0.267312
vn  0.000000 -1.000000 0.000000
vn  0.971252 0.000000 0.238055
vn  0.000000 -1.000000 0.000000
vn  0.978005 0.000000 0.208581
vn  0.000000 -1.000000 0.000000
vn  0.983864 0.000000 0.178916
vn  0.000000 -1.000000 0.000000
vn  0.988824 0.000000 0.149087
vn  0.000000 -1.000000 0.000000
vn  1.000000 0.000000 0.000000
vn  0.000000 0.000000 1.000000
vn  0.000000 1.000000 0.000000
vn  1.000000 0.000000 0.000000
vn  -0.000000 0.000000 1.000000
vn  1.000000 0.000000 0.000000
vn  0.000000 0.000000 1.000000
vn  0.000000 -1.000000 0.000000
vn  0.008310 0.000000 0.999965
vn  0.000000 1.000000 0.000000
vn  0.029744 0.000000 0.999558
vn  0.000000 1.000000 0.000000
vn  0.060730 0.000000 0.998154
vn  0.000000 1.000000 0.000000
vn  0.098586 0.000000 0.995129
vn  0.000000 1.000000 0.000000
vn  0.140989 0.000000 0.990011
vn  0.000000 1.000000 0.000000
vn  0.186071 0.000000 0.982536
vn  0.000000 1.000000 0.000000
vn  0.232355 0.000000 0.972631
vn  0.000000 1.000000 0.000000
vn  0.279564 0.000000 0.960127
vn  0.000000 1.000000 0.000000
vn  0.372973 0.000000 0.927842
vn  0.000000 1.000000 0.000000
vn  0.464159 0.000000 0.885752
vn  0.000000 1.000000 0.000000
vn  0.552765 0.000000 0.833337
vn  0.000000 1.000000 0.000000
vn  0.637831 0.000000 0.770177
vn  0.000000 1.000000 0.000000
vn  0.717399 0.000000 0.696662
vn  0.000000 1.000000 0.000000
vn  0.790319 0.000000 0.612696
vn  0.000000 1.000000 0.000000
vn  0.847600 0.000000 0.530636
vn  0.000000 1.000000 0.000000
vn  0.868938 0.000000 0.494921
vn  0.000000 1.000000 0.000000
vn  0.884659 0.000000 0.466238
vn  0.000000 1.000000 0.000000
vn  0.894464 0.000000 0.447141
vn  0.000000 1.000000 0.000000
vn  0.897987 0.000000 0.440023
vn  0.000000 1.000000 0.000000
vn  0.894262 0.000000 0.447544
vn  0.000000 1.000000 0.000000
vn  0.881842 0.000000 0.471545
vn  0.000000 1.000000 0.000000
vn  0.863895 0.000000 0.503672
vn  0.000000 1.000000 0.000000
vn  0.841385 0.000000 0.540436
vn  0.000000 1.000000 0.000000
vn  0.815465 0.000000 0.578807
vn  0.000000 1.000000 0.000000
vn  0.786807 0.000000 0.617199
vn  0.000000 1.000000 0.000000
vn  0.721596 0.000000 0.692315
vn  0.000000 1.000000 0.000000
vn  0.646351 0.000000 0.763040
vn  0.000000 1.000000 0.000000
vn  0.567279 0.000000 0.823525
vn  0.000000 1.000000 0.000000
vn  0.526134 0.000000 0.850401
vn  0.000000 1.000000 0.000000
vn  0.484094 0.000000 0.875016
vn  0.000000 1.000000 0.000000
vn  0.441271 0.000000 0.897374
vn  0.000000 1.000000 0.000000
vn  0.397698 0.000000 0.917516
vn  0.000000 1.000000 0.000000
vn  0.353001 0.000000 0.935623
vn  0.000000 1.000000 0.000000
vn  0.307596 0.000000 0.951517
vn  0.000000 1.000000 0.000000
vn  0.262708 0.000000 0.964875
vn  0.000000 1.000000 0.000000
vn  0.218176 0.000000 0.975909
vn  0.000000 1.000000 0.000000
vn  0.174513 0.000000 0.984655
vn  0.000000 1.000000 0.000000
vn  0.132520 0.000000 0.991180
vn  0.000000 1.000000 0.000000
vn  0.093651 0.000000 0.995605
vn  0.000000 1.000000 0.000000
vn  0.059892 0.000000 0.998205
vn  0.000000 1.000000 0.000000
vn  0.041255 0.000000 0.999149
vn  0.000000 1.000000 0.000000
vn  0.026439 0.000000 0.999650
vn  0.000000 1.000000 0.000000
vn  0.016165 0.000000 0.999869
vn  0.000000 1.000000 0.000000
vn  0.011155 0.000000 0.999938
vn  0.000000 1.000000 0.000000
vn  0.012469 0.000000 0.999922
vn  0.000000 1.000000 0.000000
vn  0.021397 0.000000 0.999771
vn  1.000000 0.000000 0.000000
vn  0.000000 1.000000 0.000000
vn  0.021397 0.000000 0.999771
vn  1.000000 0.000000 0.000000
vn  0.021397 0.000000 0.999771
vn  1.000000 0.000000 0.000000
vn  0.000000 -1.000000 0.000000
vn  0.012469 0.000000 0.999922
vn  0.000000 -1.000000 0.000000
vn  0.011155 0.000000 0.999938
vn  0.000000 -1.000000 0.000000
vn  0.016165 0.000000 0.999869
vn  0.000000 -1.000000 0.000000
vn  0.026439 0.000000 0.999650
vn  0.000000 -1.000000 0.000000
vn  0.041255 0.000000 0.999149
vn  0.000000 -1.000000 0.000000
vn  0.059892 0.000000 0.998205
vn  0.000000 -1.000000 0.000000
vn  0.093651 0.000000 0.995605
vn  0.000000 -1.000000 0.000000
vn  0.132520 0.000000 0.991180
vn  0.000000 -1.000000 0.000000
vn  0.174513 0.000000 0.984655
vn  0.000000 -1.000000 0.000000
vn  0.218176 0.000000 0.975909
vn  0.000000 -1.000000 0.000000
vn  0.262708 0.000000 0.964875
vn  0.000000 -1.000000 0.000000
vn  0.307596 0.000000 0.951517
vn  0.000000 -1.000000 0.000000
vn  0.353001 0.000000 0.935623
vn  0.000000 -1.000000 0.000000
vn  0.397698 0.000000 0.917516
vn  0.000000 -1.000000 0.000000
vn  0.441271 0.000000 0.897374
vn  0.000000 -1.000000 0.000000
vn  0.484094 0.000000 0.875016
vn  0.000000 -1.000000 0.000000
vn  0.526134 0.000000 0.850401
vn  0.000000 -1.000000 0.000000
vn  0.567279 0.000000 0.823525
vn  0.000000 -1.000000 0.000000
vn  0.646351 0.000000 0.763040
vn  0.000000 -1.000000 0.000000
vn  0.721596 0.000000 0.692315
vn  0.000000 -1.000000 0.000000
vn  0.786807 0.000000 0.617199
vn  0.000000 -1.000000 0.000000
vn  0.815465 0.000000 0.578807
vn  0.000000 -1.000000 0.000000
vn  0.841385 0.000000 0.540436
vn  0.000000 -1.000000 0.000000
vn  0.863895 0.000000 0.503672
vn  0.000000 -1.000000 0.000000
vn  0.881842 0.000000 0.471545
vn  0.000000 -1.000000 0.000000
vn  0.894262 0.000000 0.447544
vn  0.000000 -1.000000 0.000000
vn  0.897987 0.000000 0.440023
vn  0.000000 -1.000000 0.000000
vn  0.894464 0.000000 0.447141
vn  0.000000 -1.000000 0.000000
vn  0.884659 0.000000 0.466238
vn  0.000000 -1.000000 0.000000
vn  0.868938 0.000000 0.494921
vn  0.000000 -1.000000 0.000000
vn  0.847600 0.000000 0.530636
vn  0.000000 -1.000000 0.000000
vn  0.790319 0.000000 0.612696
vn  0.000000 -1.000000 0.000000
vn  0.717399 0.000000 0.696662
vn  0.000000 -1.000000 0.000000
vn  0.637831 0.000000 0.770177
vn  0.000000 -1.000000 0.000000
vn  0.552765 0.000000 0.833337
vn  0.000000 -1.000000 0.000000
vn  0.464159 0.000000 0.885752
vn  0.000000 -1.000000 0.000000
vn  0.372973 0.000000 0.927842
vn  0.000000 -1.000000 0.000000
vn  0.279564 0.000000 0.960127
vn  0.000000 -1.000000 0.000000
vn  0.232355 0.000000 0.972631
vn  0.000000 -1.000000 0.000000
vn  0.186071 0.000000 0.982536
vn  0.000000 -1.000000 0.000000
vn  0.140989 0.000000 0.990011
vn  0.000000 -1.000000 0.000000
vn  0.098586 0.000000 0.995129
vn  0.000000 -1.000000 0.000000
vn  0.060730 0.000000 0.998154
vn  0.000000 -1.000000 0.000000
vn  0.029744 0.000000 0.999558
vn  0.000000 -1.000000 0.000000
vn  0.008310 0.000000 0.999965
vn  0.000000 -1.000000 0.000000
vn  1.000000 0.000000 0.000000
vn  0.000000 0.000000 1.000000
vn  0.000000 1.000000 0.000000
vn  1.000000 0.000000 0.000000
vn  0.000000 0.000000 1.000000
vn  1.000000 0.000000 0.000000
vn  0.000000 0.000000 1.000000
vn  0.000000 -1.000000 0.000000
vn  0.000000 0.000000 1.000000
vn  1.000000 0.000000 0.000000
vn  0.000000 1.000000 0.000000
vn  0.000000 0.000000 1.000000
vn  1.000000 0.000000 0.000000
vn  0.000000 0.000000 1.000000
vn  1.000000 0.000000 0.000000
vn  0.000000 -1.000000 0.000000
vn  -0.051086 0.000000 -0.998694
vn  -0.051086 0.000000 -0.998694
vn  0.000000 -1.000000 0.000000
vn  -0.132055 0.000000 -0.991242
vn  0.000000 -1.000000 0.000000
vn  -0.212155 0.000000 -0.977236
vn  0.000000 -1.000000 0.000000
vn  -0.290843 0.000000 -0.956771
vn  0.000000 -1.000000 0.000000
vn  -0.367618 0.000000 -0.929977
vn  0.000000 -1.000000 0.000000
vn  -0.441963 0.000000 -0.897033
vn  0.000000 -1.000000 0.000000
vn  -0.513374 0.000000 -0.858165
vn  0.000000 -1.000000 0.000000
vn  -0.581402 0.000000 -0.813616
vn  0.000000 -1.000000 0.000000
vn  -0.645586 0.000000 -0.763688
vn  0.000000 -1.000000 0.000000
vn  -0.705493 0.000000 -0.708717
vn  0.000000 -1.000000 0.000000
vn  -0.760742 0.000000 -0.649054
vn  0.000000 -1.000000 0.000000
vn  -0.810959 0.000000 -0.585103
vn  -0.810959 0.000000 -0.585103
vn  0.000000 -1.000000 0.000000
vn  -0.810959 0.000000 -0.585103
vn  -0.810959 0.000000 -0.585103
vn  -0.810959 0.000000 -0.585103
vn  -0.810959 0.000000 -0.585103
vn  0.000000 1.000000 0.000000
vn  -0.760742 0.000000 -0.649054
vn  0.000000 1.000000 0.000000
vn  -0.705493 0.000000 -0.708717
vn  0.000000 1.000000 0.000000
vn  -0.645586 0.000000 -0.763688
vn  0.000000 1.000000 0.000000
vn  -0.581402 0.000000 -0.813616
vn  0.000000 1.000000 0.000000
vn  -0.513374 0.000000 -0.858165
vn  0.000000 1.000000 0.000000
vn  -0.441963 0.000000 -0.897033
vn  0.000000 1.000000 0.000000
vn  -0.367618 0.000000 -0.929977
vn  0.000000 1.000000 0.000000
vn  -0.290843 0.000000 -0.956771
vn  0.000000 1.000000 0.000000
vn  -0.212155 0.000000 -0.977236
vn  0.000000 1.000000 0.000000
vn  -0.132055 0.000000 -0.991242
vn  0.000000 1.000000 0.000000
vn  -0.051086 0.000000 -0.998694
vn  -0.051086 0.000000 -0.998694
vn  0.000000 1.000000 0.000000
vn  -0.051086 0.000000 -0.998694
vn  -0.051086 0.000000 -0.998694
vn  -0.228947 0.000000 -0.973439
vn  -0.228947 0.000000 -0.973439
vn  0.000000 1.000000 0.000000
vn  -0.305456 0.000000 -0.952206
vn  0.000000 1.000000 0.000000
vn  -0.380041 0.000000 -0.924969
vn  0.000000 1.000000 0.000000
vn  -0.452224 0.000000 -0.891904
vn  0.000000 1.000000 0.000000
vn  -0.521565 0.000000 -0.853211
vn  0.000000 1.000000 0.000000
vn  -0.587609 0.000000 -0.809145
vn  0.000000 1.000000 0.000000
vn  -0.649957 0.000000 -0.759971
vn  0.000000 1.000000 0.000000
vn  -0.708199 0.000000 -0.706012
vn  0.000000 1.000000 0.000000
vn  -0.761982 0.000000 -0.647598
vn  0.000000 1.000000 0.000000
vn  -0.761982 0.000000 -0.647598
vn  0.000000 -1.000000 0.000000
vn  -0.708199 0.000000 -0.706012
vn  0.000000 -1.000000 0.000000
vn  -0.649957 0.000000 -0.759971
vn  0.000000 -1.000000 0.000000
vn  -0.587609 0.000000 -0.809145
vn  0.000000 -1.000000 0.000000
vn  -0.521565 0.000000 -0.853211
vn  0.000000 -1.000000 0.000000
vn  -0.452224 0.000000 -0.891904
vn  0.000000 -1.000000 0.000000
vn  -0.380041 0.000000 -0.924969
vn  0.000000 -1.000000 0.000000
vn  -0.305456 0.000000 -0.952206
vn  0.000000 -1.000000 0.000000
vn  -0.228947 0.000000 -0.973439
vn  -0.228947 0.000000 -0.973439
vn  0.000000 -1.000000 0.000000
vn  -0.228947 0.000000 -0.973439
vn  -0.228947 0.000000 -0.973439
vn  -0.914832 0.000000 -0.403834
vn  -0.914832 0.000000 -0.403834
vn  0.000000 1.000000 0.000000
vn  -0.914832 0.000000 -0.403834
vn  -0.914832 0.000000 -0.403834
vn  -0.914832 0.000000 -0.403834
vn  -0.914832 0.000000 -0.403834
vn  0.000000 -1.000000 0.000000
vn  -0.914832 0.000000 -0.403834
vn  -0.914832 0.000000 -0.403834
vn  0.000000 -1.000000 0.000000
vn  -0.914832 0.000000 -0.403834
vn  -0.914832 0.000000 -0.403834
vn  -0.914832 0.000000 -0.403834
vn  -0.914832 0.000000 -0.403834
vn  0.000000 1.000000 0.000000
vn  -0.661438 0.000000 -0.750000
vn  -0.661438 0.000000 -0.750000
vn  0.000000 -1.000000 0.000000
vn  -0.661438 0.000000 -0.750000
vn  -0.661438 0.000000 -0.750000
vn  0.000000 -1.000000 0.000000
vn  -0.661438 0.000000 -0.750000
vn  -0.661438 0.000000 -0.750000
vn  -0.661438 0.000000 -0.750000
vn  -0.661438 0.000000 -0.750000
vn  0.000000 1.000000 0.000000
vn  -0.661438 0.000000 -0.750000
vn  -0.661438 0.000000 -0.750000
vn  0.000000 1.000000 0.000000
vn  -0.661438 0.000000 -0.750000
vn  -0.661438 0.000000 -0.750000
vn  -1.000000 0.000000 0.000000
vn  -1.000000 0.000000 0.000000
vn  0.000000 1.000000 0.000000
vn  -1.000000 0.000000 0.000000
vn  -1.000000 0.000000 -0.000000
vn  -1.000000 0.000000 0.000000
vn  -1.000000 0.000000 0.000000
vn  0.000000 -1.000000 0.000000
vn  -1.000000 0.000000 0.000000
vn  -1.000000 0.000000 0.000000
vn  0.000000 -1.000000 0.000000
vn  -1.000000 0.000000 0.000000
vn  -1.000000 0.000000 0.000000
vn  -1.000000 0.000000 0.000000
vn  -1.000000 0.000000 -0.000000
vn  0.000000 1.000000 0.000000
vn  -0.661438 0.000000 -0.750000
vn  -0.661438 0.000000 -0.750000
vn  0.000000 -1.000000 0.000000
vn  -0.661438 0.000000 -0.750000
vn  -0.661438 0.000000 -0.750000
vn  0.000000 -1.000000 0.000000
vn  -0.661438 0.000000 -0.750000
vn  -0.661438 0.000000 -0.750000
vn  -0.661438 0.000000 -0.750000
vn  -0.661438 0.000000 -0.750000
vn  0.000000 1.000000 0.000000
vn  -0.661438 0.000000 -0.750000
vn  -0.661438 0.000000 -0.750000
vn  0.000000 1.000000 0.000000
vn  -0.661438 0.000000 -0.750000
vn  -0.661438 0.000000 -0.750000
vn  -0.972780 0.000000 -0.231730
vn  -0.972780 0.000000 -0.231730
vn  0.000000 1.000000 0.000000
vn  -0.972780 0.000000 -0.231730
vn  -0.972780 0.000000 -0.231730
vn  -0.972780 0.000000 -0.231730
vn  -0.972780 0.000000 -0.231730
vn  0.000000 -1.000000 0.000000
vn  -0.965763 0.000000 -0.259428
vn  0.000000 -1.000000 0.000000
vn  -0.957957 0.000000 -0.286913
vn  0.000000 -1.000000 0.000000
vn  -0.949368 0.000000 -0.314165
vn  0.000000 -1.000000 0.000000
vn  -0.940005 0.000000 -0.341161
vn  0.000000 -1.000000 0.000000
vn  -0.929875 0.000000 -0.367877
vn  0.000000 -1.000000 0.000000
vn  -0.918984 0.000000 -0.394295
vn  0.000000 -1.000000 0.000000
vn  -0.907344 0.000000 -0.420388
vn  0.000000 -1.000000 0.000000
vn  -0.894963 0.000000 -0.446140
vn  0.000000 -1.000000 0.000000
vn  -0.881851 0.000000 -0.471528
vn  0.000000 -1.000000 0.000000
vn  -0.868021 0.000000 -0.496528
vn  0.000000 -1.000000 0.000000
vn  -0.853479 0.000000 -0.521127
vn  0.000000 -1.000000 0.000000
vn  -0.838243 0.000000 -0.545297
vn  0.000000 -1.000000 0.000000
vn  -0.822321 0.000000 -0.569023
vn  0.000000 -1.000000 0.000000
vn  -0.805728 0.000000 -0.592286
vn  0.000000 -1.000000 0.000000
vn  -0.788478 0.000000 -0.615063
vn  0.000000 -1.000000 0.000000
vn  -0.770583 0.000000 -0.637340
vn  0.000000 -1.000000 0.000000
vn  -0.752060 0.000000 -0.659095
vn  0.000000 -1.000000 0.000000
vn  -0.732923 0.000000 -0.680312
vn  0.000000 -1.000000 0.000000
vn  -0.713186 0.000000 -0.700975
vn  0.000000 -1.000000 0.000000
vn  -0.692869 0.000000 -0.721064
vn  0.000000 -1.000000 0.000000
vn  -0.671985 0.000000 -0.740565
vn  0.000000 -1.000000 0.000000
vn  -0.650552 0.000000 -0.759461
vn  0.000000 -1.000000 0.000000
vn  -0.628589 0.000000 -0.777738
vn  0.000000 -1.000000 0.000000
vn  -0.606112 0.000000 -0.795379
vn  0.000000 -1.000000 0.000000
vn  -0.583140 0.000000 -0.812371
vn  0.000000 -1.000000 0.000000
vn  -0.559694 0.000000 -0.828700
vn  0.000000 -1.000000 0.000000
vn  -0.535788 0.000000 -0.844352
vn  0.000000 -1.000000 0.000000
vn  -0.511446 0.000000 -0.859315
vn  0.000000 -1.000000 0.000000
vn  -0.486688 0.000000 -0.873576
vn  0.000000 -1.000000 0.000000
vn  -0.461529 0.000000 -0.887125
vn  0.000000 -1.000000 0.000000
vn  -0.435997 0.000000 -0.899948
vn  0.000000 -1.000000 0.000000
vn  -0.410106 0.000000 -0.912038
vn  0.000000 -1.000000 0.000000
vn  -0.383882 0.000000 -0.923382
vn  0.000000 -1.000000 0.000000
vn  -0.357345 0.000000 -0.933972
vn  0.000000 -1.000000 0.000000
vn  -0.330513 0.000000 -0.943801
vn  0.000000 -1.000000 0.000000
vn  -0.303416 0.000000 -0.952858
vn  0.000000 -1.000000 0.000000
vn  -0.276067 0.000000 -0.961138
vn  0.000000 -1.000000 0.000000
vn  -0.248495 0.000000 -0.968633
vn  0.000000 -1.000000 0.000000
vn  -0.220720 0.000000 -0.975337
vn  0.000000 -1.000000 0.000000
vn  -0.192763 0.000000 -0.981245
vn  0.000000 -1.000000 0.000000
vn  -0.164651 0.000000 -0.986352
vn  0.000000 -1.000000 0.000000
vn  -0.136403 0.000000 -0.990653
vn  0.000000 -1.000000 0.000000
vn  -0.108044 0.000000 -0.994146
vn  0.000000 -1.000000 0.000000
vn  -0.079598 0.000000 -0.996827
vn  0.000000 -1.000000 0.000000
vn  -0.079598 0.000000 -0.996827
vn  0.000000 1.000000 0.000000
vn  -0.108044 0.000000 -0.994146
vn  0.000000 1.000000 0.000000
vn  -0.136403 0.000000 -0.990653
vn  0.000000 1.000000 0.000000
vn  -0.164651 0.000000 -0.986352
vn  0.000000 1.000000 0.000000
vn  -0.192763 0.000000 -0.981245
vn  0.000000 1.000000 0.000000
vn  -0.220720 0.000000 -0.975337
vn  0.000000 1.000000 0.000000
vn  -0.248495 0.000000 -0.968633
vn  0.000000 1.000000 0.000000
vn  -0.276067 0.000000 -0.961138
vn  0.000000 1.000000 0.000000
vn  -0.303416 0.000000 -0.952858
vn  0.000000 1.000000 0.000000
vn  -0.330513 0.000000 -0.943801
vn  0.000000 1.000000 0.000000
vn  -0.357345 0.000000 -0.933972
vn  0.000000 1.000000 0.000000
vn  -0.383882 0.000000 -0.923382
vn  0.000000 1.000000 0.000000
vn  -0.410106 0.000000 -0.912038
vn  0.000000 1.000000 0.000000
vn  -0.435997 0.000000 -0.899948
vn  0.000000 1.000000 0.000000
vn  -0.461529 0.000000 -0.887125
vn  0.000000 1.000000 0.000000
vn  -0.486688 0.000000 -0.873576
vn  0.000000 1.000000 0.000000
vn  -0.511446 0.000000 -0.859315
vn  0.000000 1.000000 0.000000
vn  -0.535788 0.000000 -0.844352
vn  0.000000 1.000000 0.000000
vn  -0.559694 0.000000 -0.828700
vn  0.000000 1.000000 0.000000
vn  -0.583140 0.000000 -0.812371
vn  0.000000 1.000000 0.000000
vn  -0.606112 0.000000 -0.795379
vn  0.000000 1.000000 0.000000
vn  -0.628589 0.000000 -0.777738
vn  0.000000 1.000000 0.000000
vn  -0.650552 0.000000 -0.759461
vn  0.000000 1.000000 0.000000
vn  -0.671985 0.000000 -0.740565
vn  0.000000 1.000000 0.000000
vn  -0.692869 0.000000 -0.721064
vn  0.000000 1.000000 0.000000
vn  -0.713186 0.000000 -0.700975
vn  0.000000 1.000000 0.000000
vn  -0.732923 0.000000 -0.680312
vn  0.000000 1.000000 0.000000
vn  -0.752060 0.000000 -0.659095
vn  0.000000 1.000000 0.000000
vn  -0.770583 0.000000 -0.637340
vn  0.000000 1.000000 0.000000
vn  -0.788478 0.000000 -0.615063
vn  0.000000 1.000000 0.000000
vn  -0.805728 0.000000 -0.592286
vn  0.000000 1.000000 0.000000
vn  -0.822321 0.000000 -0.569023
vn  0.000000 1.000000 0.000000
vn  -0.838243 0.000000 -0.545297
vn  0.000000 1.000000 0.000000
vn  -0.853479 0.000000 -0.521127
vn  0.000000 1.000000 0.000000
vn  -0.868021 0.000000 -0.496528
vn  0.000000 1.000000 0.000000
vn  -0.881851 0.000000 -0.471528
vn  0.000000 1.000000 0.000000
vn  -0.894963 0.000000 -0.446140
vn  0.000000 1.000000 0.000000
vn  -0.907344 0.000000 -0.420388
vn  0.000000 1.000000 0.000000
vn  -0.918984 0.000000 -0.394295
vn  0.000000 1.000000 0.000000
vn  -0.929875 0.000000 -0.367877
vn  0.000000 1.000000 0.000000
vn  -0.940005 0.000000 -0.341161
vn  0.000000 1.000000 0.000000
vn  -0.949368 0.000000 -0.314165
vn  0.000000 1.000000 0.000000
vn  -0.957957 0.000000 -0.286913
vn  0.000000 1.000000 0.000000
vn  -0.965763 0.000000 -0.259428
vn  0.000000 1.000000 0.000000
vn  -0.894427 0.000000 -0.447214
vn  -0.894427 0.000000 -0.447214
vn  0.000000 1.000000 0.000000
vn  -0.894427 0.000000 -0.447214
vn  -0.894427 0.000000 -0.447214
vn  -0.894427 0.000000 -0.447214
vn  -0.894427 0.000000 -0.447214
vn  0.000000 -1.000000 0.000000
vn  -0.894427 0.000000 -0.447214
vn  -0.894427 0.000000 -0.447214
vn  0.000000 -1.000000 0.000000
vn  -0.894427 0.000000 -0.447214
vn  -0.894427 0.000000 -0.447214
vn  -0.894427 0.000000 -0.447214
vn  -0.894427 0.000000 -0.447214
vn  0.000000 1.000000 0.000000
vn  -0.894427 0.000000 0.447214
vn  -0.894427 0.000000 0.447214
vn  0.000000 -1.000000 0.000000
vn  -0.894427 0.000000 0.447214
vn  -0.894427 0.000000 0.447214
vn  -0.894427 0.000000 0.447214
vn  -0.894427 0.000000 0.447214
vn  0.000000 1.000000 0.000000
vn  -0.894427 0.000000 0.447214
vn  -0.894427 0.000000 0.447214
vn  0.000000 1.000000 0.000000
vn  -0.894427 0.000000 0.447214
vn  -0.894427 0.000000 0.447214
vn  -0.894427 0.000000 0.447214
vn  -0.894427 0.000000 0.447214
vn  0.000000 -1.000000 0.000000
vn  0.447214 0.000000 -0.894427
vn  0.447214 0.000000 -0.894427
vn  0.000000 1.000000 0.000000
vn  0.447214 0.000000 -0.894427
vn  0.447214 0.000000 -0.894427
vn  0.447214 0.000000 -0.894427
vn  0.447214 0.000000 -0.894427
vn  0.000000 -1.000000 0.000000
vn  0.447214 0.000000 -0.894427
vn  0.447214 0.000000 -0.894427
vn  0.000000 -1.000000 0.000000
vn  0.447214 0.000000 -0.894427
vn  0.447214 0.000000 -0.894427
vn  0.447214 0.000000 -0.894427
vn  0.447214 0.000000 -0.894427
vn  0.000000 1.000000 0.000000
vn  -0.447214 0.000000 -0.894427
vn  -0.447214 0.000000 -0.894427
vn  0.000000 -1.000000 0.000000
vn  -0.447214 0.000000 -0.894427
vn  -0.447214 0.000000 -0.894427
vn  -0.447214 0.000000 -0.894427
vn  -0.447214 0.000000 -0.894427
vn  0.000000 1.000000 0.000000
vn  -0.447214 0.000000 -0.894427
vn  -0.447214 0.000000 -0.894427
vn  0.000000 1.000000 0.000000
vn  -0.447214 0.000000 -0.894427
vn  -0.447214 0.000000 -0.894427
vn  -0.447214 0.000000 -0.894427
vn  -0.447214 0.000000 -0.894427
vn  0.000000 -1.000000 0.000000
vn  0.229766 0.000000 -0.973246
vn  0.000000 -1.000000 0.000000
vn  -0.000000 0.000000 -1.000000
vn  0.000000 -1.000000 0.000000
vn  -0.229766 0.000000 -0.973246
vn  0.000000 -1.000000 0.000000
vn  -0.229766 0.000000 -0.973246
vn  0.000000 1.000000 0.000000
vn  0.000000 0.000000 -1.000000
vn  0.000000 1.000000 0.000000
vn  0.229766 0.000000 -0.973246
vn  0.000000 1.000000 0.000000
vn  -0.973246 0.000000 -0.229766
vn  0.000000 -1.000000 0.000000
vn  -1.000000 0.000000 0.000000
vn  0.000000 -1.000000 0.000000
vn  -0.973246 0.000000 0.229766
vn  0.000000 -1.000000 0.000000
vn  -0.973246 0.000000 0.229766
vn  0.000000 1.000000 0.000000
vn  -1.000000 0.000000 0.000000
vn  0.000000 1.000000 0.000000
vn  -0.973246 0.000000 -0.229766
vn  0.000000 1.000000 0.000000
vn  0.229753 0.000000 -0.973249
vn  0.000000 1.000000 0.000000
vn  0.229753 0.000000 -0.973249
vn  0.000000 -1.000000 0.000000
vn  -0.229753 0.000000 -0.973249
vn  0.000000 -1.000000 0.000000
vn  -0.229753 0.000000 -0.973249
vn  0.000000 1.000000 0.000000
vn  -0.973249 0.000000 0.229753
vn  0.000000 -1.000000 0.000000
vn  -0.973249 0.000000 0.229753
vn  0.000000 1.000000 0.000000
vn  -0.973249 0.000000 -0.229753
vn  0.000000 1.000000 0.000000
vn  -0.973249 0.000000 -0.229753
vn  0.000000 -1.000000 0.000000
vn  -0.228954 0.000000 -0.973437
vn  0.000000 1.000000 0.000000
vn  -0.445765 0.000000 -0.895150
vn  0.000000 1.000000 0.000000
vn  -0.638897 0.000000 -0.769292
vn  0.000000 1.000000 0.000000
vn  -0.798072 0.000000 -0.602562
vn  0.000000 1.000000 0.000000
vn  -0.798072 0.000000 -0.602562
vn  0.000000 -1.000000 0.000000
vn  -0.638897 0.000000 -0.769292
vn  0.000000 -1.000000 0.000000
vn  -0.445765 0.000000 -0.895150
vn  0.000000 -1.000000 0.000000
vn  -0.228954 0.000000 -0.973437
vn  0.000000 -1.000000 0.000000
vn  -0.862194 0.000000 -0.506579
vn  0.000000 1.000000 0.000000
vn  -0.798058 0.000000 -0.602581
vn  0.000000 1.000000 0.000000
vn  -0.723286 0.000000 -0.690549
vn  0.000000 1.000000 0.000000
vn  -0.638882 0.000000 -0.769305
vn  0.000000 1.000000 0.000000
vn  -0.545964 0.000000 -0.837809
vn  0.000000 1.000000 0.000000
vn  -0.445760 0.000000 -0.895153
vn  0.000000 1.000000 0.000000
vn  -0.339612 0.000000 -0.940566
vn  0.000000 1.000000 0.000000
vn  -0.339612 0.000000 -0.940566
vn  0.000000 -1.000000 0.000000
vn  -0.445760 0.000000 -0.895153
vn  0.000000 -1.000000 0.000000
vn  -0.545964 0.000000 -0.837809
vn  0.000000 -1.000000 0.000000
vn  -0.638882 0.000000 -0.769305
vn  0.000000 -1.000000 0.000000
vn  -0.723286 0.000000 -0.690549
vn  0.000000 -1.000000 0.000000
vn  -0.798058 0.000000 -0.602581
vn  0.000000 -1.000000 0.000000
vn  -0.862194 0.000000 -0.506579
vn  0.000000 -1.000000 0.000000
vn  -0.937057 0.000000 -0.349176
vn  0.000000 1.000000 0.000000
vn  -0.887210 0.000000 -0.461367
vn  0.000000 1.000000 0.000000
vn  -0.823988 0.000000 -0.566607
vn  0.000000 1.000000 0.000000
vn  -0.748349 0.000000 -0.663305
vn  0.000000 1.000000 0.000000
vn  -0.748349 0.000000 -0.663305
vn  0.000000 -1.000000 0.000000
vn  -0.823988 0.000000 -0.566607
vn  0.000000 -1.000000 0.000000
vn  -0.887210 0.000000 -0.461367
vn  0.000000 -1.000000 0.000000
vn  -0.937057 0.000000 -0.349176
vn  0.000000 -1.000000 0.000000
vn  -0.747231 0.000000 -0.664564
vn  0.000000 1.000000 0.000000
vn  -0.822070 0.000000 -0.569386
vn  0.000000 1.000000 0.000000
vn  -0.884858 0.000000 -0.465861
vn  0.000000 1.000000 0.000000
vn  -0.934674 0.000000 -0.355506
vn  0.000000 1.000000 0.000000
vn  -0.970788 0.000000 -0.239939
vn  0.000000 1.000000 0.000000
vn  -0.992670 0.000000 -0.120856
vn  0.000000 1.000000 0.000000
vn  -0.992670 0.000000 -0.120856
vn  0.000000 -1.000000 0.000000
vn  -0.970788 0.000000 -0.239939
vn  0.000000 -1.000000 0.000000
vn  -0.934674 0.000000 -0.355506
vn  0.000000 -1.000000 0.000000
vn  -0.884858 0.000000 -0.465861
vn  0.000000 -1.000000 0.000000
vn  -0.822070 0.000000 -0.569386
vn  0.000000 -1.000000 0.000000
vn  -0.747231 0.000000 -0.664564
vn  0.000000 -1.000000 0.000000
vn  -0.992670 0.000000 -0.120856
vn  0.000000 -1.000000 0.000000
vn  -0.970788 0.000000 -0.239939
vn  0.000000 -1.000000 0.000000
vn  -0.934674 0.000000 -0.355506
vn  0.000000 -1.000000 0.000000
vn  -0.884858 0.000000 -0.465861
vn  0.000000 -1.000000 0.000000
vn  -0.822070 0.000000 -0.569386
vn  0.000000 -1.000000 0.000000
vn  -0.747231 0.000000 -0.664564
vn  0.000000 -1.000000 0.000000
vn  -0.747231 0.000000 -0.664564
vn  0.000000 1.000000 0.000000
vn  -0.822070 0.000000 -0.569386
vn  0.000000 1.000000 0.000000
vn  -0.884858 0.000000 -0.465861
vn  0.000000 1.000000 0.000000
vn  -0.934674 0.000000 -0.355506
vn  0.000000 1.000000 0.000000
vn  -0.970788 0.000000 -0.239939
vn  0.000000 1.000000 0.000000
vn  -0.992670 0.000000 -0.120856
vn  0.000000 1.000000 0.000000
vn  -0.992670 0.000000 -0.120856
vn  0.000000 1.000000 0.000000
vn  -0.970788 0.000000 -0.239939
vn  0.000000 1.000000 0.000000
vn  -0.934674 0.000000 -0.355506
vn  0.000000 1.000000 0.000000
vn  -0.884858 0.000000 -0.465861
vn  0.000000 1.000000 0.000000
vn  -0.822070 0.000000 -0.569386
vn  0.000000 1.000000 0.000000
vn  -0.747231 0.000000 -0.664564
vn  0.000000 1.000000 0.000000
vn  -0.747231 0.000000 -0.664564
vn  0.000000 -1.000000 0.000000
vn  -0.822070 0.000000 -0.569386
vn  0.000000 -1.000000 0.000000
vn  -0.884858 0.000000 -0.465861
vn  0.000000 -1.000000 0.000000
vn  -0.934674 0.000000 -0.355506
vn  0.000000 -1.000000 0.000000
vn  -0.970788 0.000000 -0.239939
vn  0.000000 -1.000000 0.000000
vn  -0.992670 0.000000 -0.120856
vn  0.000000 -1.000000 0.000000


g 0
g 1
usemtl DEFAULT_MTL
f 15/15/15  4/4/4  1/1/1
f 620/620/620  3/3/3  6/6/6
f 1057/1057/1057  16/16/16  2/2/2
f 1058/1058/1058  3/3/3  620/620/620
f 15/15/15  7/7/7  4/4/4
f 619/619/619  5/5/5  8/8/8
f 12/12/12  9/9/9  7/7/7
f 617/617/617  8/8/8  10/10/10
f 15/15/15  12/12/12  7/7/7
f 619/619/619  8/8/8  617/617/617
f 1060/1060/1060  11/11/11  14/14/14
f 615/615/615  11/11/11  607/607/607
f 651/651/651  607/607/607  11/11/11
f 617/617/617  10/10/10  614/614/614
f 695/695/695  651/651/651  11/11/11
f 681/681/681  11/11/11  679/679/679
f 1098/1098/1098  679/679/679  11/11/11
f 683/683/683  11/11/11  681/681/681
f 685/685/685  11/11/11  683/683/683
f 687/687/687  11/11/11  685/685/685
f 689/689/689  11/11/11  687/687/687
f 691/691/691  11/11/11  689/689/689
f 693/693/693  11/11/11  691/691/691
f 695/695/695  11/11/11  693/693/693
f 1038/1038/1038  719/719/719  11/11/11
f 1086/1086/1086  11/11/11  719/719/719
f 1023/1023/1023  11/11/11  1020/1020/1020
f 1060/1060/1060  1020/1020/1020  11/11/11
f 1036/1036/1036  11/11/11  1023/1023/1023
f 1038/1038/1038  11/11/11  1036/1036/1036
f 1088/1088/1088  11/11/11  1086/1086/1086
f 1090/1090/1090  11/11/11  1088/1088/1088
f 1092/1092/1092  11/11/11  1090/1090/1090
f 1094/1094/1094  11/11/11  1092/1092/1092
f 1096/1096/1096  11/11/11  1094/1094/1094
f 1098/1098/1098  11/11/11  1096/1096/1096
f 16/16/16  1057/1057/1057  1014/1014/1014
f 1059/1059/1059  13/13/13  16/16/16
f 31/31/31  20/20/20  17/17/17
f 1056/1056/1056  19/19/19  22/22/22
f 1083/1083/1083  32/32/32  18/18/18
f 1084/1084/1084  19/19/19  1056/1056/1056
f 31/31/31  23/23/23  20/20/20
f 24/24/24  1053/1053/1053  998/998/998
f 1055/1055/1055  21/21/21  24/24/24
f 28/28/28  25/25/25  23/23/23
f 1053/1053/1053  24/24/24  26/26/26
f 31/31/31  28/28/28  23/23/23
f 1070/1070/1070  27/27/27  30/30/30
f 1070/1070/1070  1054/1054/1054  27/27/27
f 32/32/32  1083/1083/1083  1081/1081/1081
f 1069/1069/1069  29/29/29  32/32/32
f 47/47/47  36/36/36  33/33/33
f 75/75/75  35/35/35  38/38/38
f 1065/1065/1065  48/48/48  34/34/34
f 82/82/82  35/35/35  75/75/75
f 1066/1066/1066  35/35/35  82/82/82
f 47/47/47  39/39/39  36/36/36
f 65/65/65  37/37/37  40/40/40
f 75/75/75  38/38/38  67/67/67
f 44/44/44  41/41/41  39/39/39
f 68/68/68  40/40/40  42/42/42
f 47/47/47  44/44/44  39/39/39
f 68/68/68  65/65/65  40/40/40
f 72/72/72  43/43/43  46/46/46
f 70/70/70  68/68/68  42/42/42
f 48/48/48  1065/1065/1065  966/966/966
f 80/80/80  72/72/72  46/46/46
f 1068/1068/1068  80/80/80  46/46/46
f 1067/1067/1067  45/45/45  48/48/48
f 60/60/60  52/52/52  49/49/49
f 53/53/53  1175/1175/1175  1173/1173/1173
f 62/62/62  60/60/60  49/49/49
f 168/168/168  64/64/64  51/51/51
f 158/158/158  51/51/51  156/156/156
f 1154/1154/1154  156/156/156  51/51/51
f 160/160/160  51/51/51  158/158/158
f 162/162/162  51/51/51  160/160/160
f 164/164/164  51/51/51  162/162/162
f 166/166/166  51/51/51  164/164/164
f 168/168/168  51/51/51  166/166/166
f 1153/1153/1153  50/50/50  53/53/53
f 57/57/57  54/54/54  52/52/52
f 1175/1175/1175  53/53/53  55/55/55
f 60/60/60  57/57/57  52/52/52
f 98/98/98  56/56/56  59/59/59
f 100/100/100  56/56/56  98/98/98
f 1176/1176/1176  56/56/56  100/100/100
f 61/61/61  1061/1061/1061  982/982/982
f 88/88/88  59/59/59  86/86/86
f 1064/1064/1064  86/86/86  59/59/59
f 90/90/90  59/59/59  88/88/88
f 92/92/92  59/59/59  90/90/90
f 94/94/94  59/59/59  92/92/92
f 96/96/96  59/59/59  94/94/94
f 98/98/98  59/59/59  96/96/96
f 1063/1063/1063  58/58/58  61/61/61
f 1061/1061/1061  61/61/61  63/63/63
f 170/170/170  64/64/64  168/168/168
f 1062/1062/1062  64/64/64  170/170/170
f 73/73/73  66/66/66  69/69/69
f 76/76/76  69/69/69  71/71/71
f 76/76/76  73/73/73  69/69/69
f 78/78/78  76/76/76  71/71/71
f 77/77/77  171/171/171  81/81/81
f 81/81/81  74/74/74  77/77/77
f 171/171/171  77/77/77  79/79/79
f 972/972/972  172/172/172  80/80/80
f 1068/1068/1068  972/972/972  80/80/80
f 169/169/169  83/83/83  81/81/81
f 980/980/980  82/82/82  84/84/84
f 171/171/171  169/169/169  81/81/81
f 980/980/980  967/967/967  82/82/82
f 1066/1066/1066  82/82/82  967/967/967
f 167/167/167  85/85/85  83/83/83
f 988/988/988  84/84/84  86/86/86
f 169/169/169  167/167/167  83/83/83
f 1052/1052/1052  980/980/980  84/84/84
f 991/991/991  84/84/84  988/988/988
f 1048/1048/1048  84/84/84  991/991/991
f 1050/1050/1050  84/84/84  1048/1048/1048
f 1052/1052/1052  84/84/84  1050/1050/1050
f 165/165/165  87/87/87  85/85/85
f 167/167/167  165/165/165  85/85/85
f 1064/1064/1064  988/988/988  86/86/86
f 163/163/163  89/89/89  87/87/87
f 165/165/165  163/163/163  87/87/87
f 161/161/161  91/91/91  89/89/89
f 163/163/163  161/161/161  89/89/89
f 159/159/159  93/93/93  91/91/91
f 161/161/161  159/159/159  91/91/91
f 157/157/157  95/95/95  93/93/93
f 159/159/159  157/157/157  93/93/93
f 155/155/155  97/97/97  95/95/95
f 157/157/157  155/155/155  95/95/95
f 153/153/153  99/99/99  97/97/97
f 155/155/155  153/153/153  97/97/97
f 151/151/151  101/101/101  99/99/99
f 1174/1174/1174  100/100/100  102/102/102
f 153/153/153  151/151/151  99/99/99
f 1176/1176/1176  100/100/100  1174/1174/1174
f 149/149/149  103/103/103  101/101/101
f 1172/1172/1172  102/102/102  104/104/104
f 151/151/151  149/149/149  101/101/101
f 1174/1174/1174  102/102/102  1172/1172/1172
f 147/147/147  105/105/105  103/103/103
f 1170/1170/1170  104/104/104  106/106/106
f 149/149/149  147/147/147  103/103/103
f 1172/1172/1172  104/104/104  1170/1170/1170
f 145/145/145  107/107/107  105/105/105
f 1166/1166/1166  106/106/106  108/108/108
f 147/147/147  145/145/145  105/105/105
f 1168/1168/1168  106/106/106  1166/1166/1166
f 1170/1170/1170  106/106/106  1168/1168/1168
f 143/143/143  109/109/109  107/107/107
f 746/746/746  108/108/108  110/110/110
f 145/145/145  143/143/143  107/107/107
f 1166/1166/1166  108/108/108  746/746/746
f 141/141/141  111/111/111  109/109/109
f 746/746/746  110/110/110  112/112/112
f 143/143/143  141/141/141  109/109/109
f 139/139/139  113/113/113  111/111/111
f 746/746/746  112/112/112  114/114/114
f 141/141/141  139/139/139  111/111/111
f 137/137/137  115/115/115  113/113/113
f 746/746/746  114/114/114  116/116/116
f 139/139/139  137/137/137  113/113/113
f 135/135/135  117/117/117  115/115/115
f 746/746/746  116/116/116  118/118/118
f 137/137/137  135/135/135  115/115/115
f 133/133/133  119/119/119  117/117/117
f 746/746/746  118/118/118  120/120/120
f 135/135/135  133/133/133  117/117/117
f 131/131/131  121/121/121  119/119/119
f 746/746/746  120/120/120  122/122/122
f 133/133/133  131/131/131  119/119/119
f 126/126/126  123/123/123  121/121/121
f 175/175/175  122/122/122  125/125/125
f 126/126/126  121/121/121  131/131/131
f 131/131/131  128/128/128  126/126/126
f 746/746/746  122/122/122  175/175/175
f 173/173/173  124/124/124  127/127/127
f 176/176/176  127/127/127  129/129/129
f 176/176/176  173/173/173  127/127/127
f 738/738/738  130/130/130  132/132/132
f 178/178/178  176/176/176  129/129/129
f 738/738/738  180/180/180  130/130/130
f 738/738/738  132/132/132  134/134/134
f 738/738/738  134/134/134  136/136/136
f 738/738/738  136/136/136  138/138/138
f 738/738/738  138/138/138  140/140/140
f 738/738/738  140/140/140  142/142/142
f 738/738/738  142/142/142  144/144/144
f 735/735/735  144/144/144  146/146/146
f 738/738/738  144/144/144  735/735/735
f 1164/1164/1164  146/146/146  148/148/148
f 1164/1164/1164  735/735/735  146/146/146
f 1162/1162/1162  148/148/148  150/150/150
f 1164/1164/1164  148/148/148  1162/1162/1162
f 1158/1158/1158  150/150/150  152/152/152
f 1160/1160/1160  150/150/150  1158/1158/1158
f 1162/1162/1162  150/150/150  1160/1160/1160
f 1156/1156/1156  152/152/152  154/154/154
f 1158/1158/1158  152/152/152  1156/1156/1156
f 1154/1154/1154  154/154/154  156/156/156
f 1156/1156/1156  154/154/154  1154/1154/1154
f 996/996/996  170/170/170  172/172/172
f 996/996/996  983/983/983  170/170/170
f 1062/1062/1062  170/170/170  983/983/983
f 975/975/975  172/172/172  972/972/972
f 1042/1042/1042  172/172/172  975/975/975
f 1046/1046/1046  996/996/996  172/172/172
f 1044/1044/1044  172/172/172  1042/1042/1042
f 1046/1046/1046  172/172/172  1044/1044/1044
f 181/181/181  174/174/174  177/177/177
f 191/191/191  175/175/175  183/183/183
f 1188/1188/1188  175/175/175  191/191/191
f 746/746/746  175/175/175  743/743/743
f 1188/1188/1188  743/743/743  175/175/175
f 184/184/184  177/177/177  179/179/179
f 184/184/184  181/181/181  177/177/177
f 186/186/186  184/184/184  179/179/179
f 738/738/738  188/188/188  180/180/180
f 189/189/189  182/182/182  185/185/185
f 192/192/192  185/185/185  187/187/187
f 192/192/192  189/189/189  185/185/185
f 194/194/194  192/192/192  187/187/187
f 756/756/756  196/196/196  188/188/188
f 1190/1190/1190  188/188/188  738/738/738
f 1200/1200/1200  756/756/756  188/188/188
f 1192/1192/1192  188/188/188  1190/1190/1190
f 1194/1194/1194  188/188/188  1192/1192/1192
f 1196/1196/1196  188/188/188  1194/1194/1194
f 1198/1198/1198  188/188/188  1196/1196/1196
f 1200/1200/1200  188/188/188  1198/1198/1198
f 197/197/197  190/190/190  193/193/193
f 206/206/206  191/191/191  199/199/199
f 764/764/764  191/191/191  206/206/206
f 764/764/764  751/751/751  191/191/191
f 1178/1178/1178  191/191/191  751/751/751
f 1180/1180/1180  191/191/191  1178/1178/1178
f 1182/1182/1182  191/191/191  1180/1180/1180
f 1184/1184/1184  191/191/191  1182/1182/1182
f 1186/1186/1186  191/191/191  1184/1184/1184
f 1188/1188/1188  191/191/191  1186/1186/1186
f 200/200/200  193/193/193  195/195/195
f 200/200/200  197/197/197  193/193/193
f 202/202/202  200/200/200  195/195/195
f 759/759/759  204/204/204  196/196/196
f 759/759/759  196/196/196  756/756/756
f 407/407/407  198/198/198  201/201/201
f 407/407/407  205/205/205  198/198/198
f 407/407/407  201/201/201  203/203/203
f 759/759/759  408/408/408  204/204/204
f 405/405/405  207/207/207  205/205/205
f 1140/1140/1140  206/206/206  208/208/208
f 407/407/407  405/405/405  205/205/205
f 1140/1140/1140  764/764/764  206/206/206
f 403/403/403  209/209/209  207/207/207
f 1132/1132/1132  208/208/208  210/210/210
f 405/405/405  403/403/403  207/207/207
f 1134/1134/1134  208/208/208  1132/1132/1132
f 1136/1136/1136  208/208/208  1134/1134/1134
f 1138/1138/1138  208/208/208  1136/1136/1136
f 1140/1140/1140  208/208/208  1138/1138/1138
f 401/401/401  211/211/211  209/209/209
f 775/775/775  210/210/210  212/212/212
f 403/403/403  401/401/401  209/209/209
f 778/778/778  210/210/210  775/775/775
f 1130/1130/1130  210/210/210  778/778/778
f 1132/1132/1132  210/210/210  1130/1130/1130
f 399/399/399  213/213/213  211/211/211
f 1118/1118/1118  212/212/212  214/214/214
f 401/401/401  399/399/399  211/211/211
f 1120/1120/1120  775/775/775  212/212/212
f 1120/1120/1120  212/212/212  1118/1118/1118
f 397/397/397  215/215/215  213/213/213
f 964/964/964  214/214/214  216/216/216
f 399/399/399  397/397/397  213/213/213
f 964/964/964  783/783/783  214/214/214
f 1114/1114/1114  214/214/214  783/783/783
f 1116/1116/1116  214/214/214  1114/1114/1114
f 1118/1118/1118  214/214/214  1116/1116/1116
f 395/395/395  217/217/217  215/215/215
f 962/962/962  216/216/216  218/218/218
f 397/397/397  395/395/395  215/215/215
f 964/964/964  216/216/216  962/962/962
f 393/393/393  219/219/219  217/217/217
f 960/960/960  218/218/218  220/220/220
f 395/395/395  393/393/393  217/217/217
f 962/962/962  218/218/218  960/960/960
f 391/391/391  221/221/221  219/219/219
f 958/958/958  220/220/220  222/222/222
f 393/393/393  391/391/391  219/219/219
f 960/960/960  220/220/220  958/958/958
f 389/389/389  223/223/223  221/221/221
f 958/958/958  222/222/222  224/224/224
f 391/391/391  389/389/389  221/221/221
f 387/387/387  225/225/225  223/223/223
f 956/956/956  224/224/224  226/226/226
f 389/389/389  387/387/387  223/223/223
f 958/958/958  224/224/224  956/956/956
f 385/385/385  227/227/227  225/225/225
f 954/954/954  226/226/226  228/228/228
f 387/387/387  385/385/385  225/225/225
f 956/956/956  226/226/226  954/954/954
f 383/383/383  229/229/229  227/227/227
f 952/952/952  228/228/228  230/230/230
f 385/385/385  383/383/383  227/227/227
f 954/954/954  228/228/228  952/952/952
f 381/381/381  231/231/231  229/229/229
f 950/950/950  230/230/230  232/232/232
f 383/383/383  381/381/381  229/229/229
f 952/952/952  230/230/230  950/950/950
f 379/379/379  233/233/233  231/231/231
f 948/948/948  232/232/232  234/234/234
f 381/381/381  379/379/379  231/231/231
f 950/950/950  232/232/232  948/948/948
f 377/377/377  235/235/235  233/233/233
f 946/946/946  234/234/234  236/236/236
f 379/379/379  377/377/377  233/233/233
f 948/948/948  234/234/234  946/946/946
f 375/375/375  237/237/237  235/235/235
f 944/944/944  236/236/236  238/238/238
f 377/377/377  375/375/375  235/235/235
f 946/946/946  236/236/236  944/944/944
f 373/373/373  239/239/239  237/237/237
f 942/942/942  238/238/238  240/240/240
f 375/375/375  373/373/373  237/237/237
f 944/944/944  238/238/238  942/942/942
f 371/371/371  241/241/241  239/239/239
f 940/940/940  240/240/240  242/242/242
f 373/373/373  371/371/371  239/239/239
f 942/942/942  240/240/240  940/940/940
f 369/369/369  243/243/243  241/241/241
f 938/938/938  242/242/242  244/244/244
f 371/371/371  369/369/369  241/241/241
f 940/940/940  242/242/242  938/938/938
f 367/367/367  245/245/245  243/243/243
f 938/938/938  244/244/244  246/246/246
f 369/369/369  367/367/367  243/243/243
f 365/365/365  247/247/247  245/245/245
f 936/936/936  246/246/246  248/248/248
f 367/367/367  365/365/365  245/245/245
f 938/938/938  246/246/246  936/936/936
f 363/363/363  249/249/249  247/247/247
f 934/934/934  248/248/248  250/250/250
f 365/365/365  363/363/363  247/247/247
f 936/936/936  248/248/248  934/934/934
f 361/361/361  251/251/251  249/249/249
f 932/932/932  250/250/250  252/252/252
f 363/363/363  361/361/361  249/249/249
f 934/934/934  250/250/250  932/932/932
f 359/359/359  253/253/253  251/251/251
f 930/930/930  252/252/252  254/254/254
f 361/361/361  359/359/359  251/251/251
f 932/932/932  252/252/252  930/930/930
f 357/357/357  255/255/255  253/253/253
f 928/928/928  254/254/254  256/256/256
f 359/359/359  357/357/357  253/253/253
f 930/930/930  254/254/254  928/928/928
f 355/355/355  257/257/257  255/255/255
f 928/928/928  256/256/256  258/258/258
f 357/357/357  355/355/355  255/255/255
f 353/353/353  259/259/259  257/257/257
f 926/926/926  258/258/258  260/260/260
f 355/355/355  353/353/353  257/257/257
f 928/928/928  258/258/258  926/926/926
f 351/351/351  261/261/261  259/259/259
f 924/924/924  260/260/260  262/262/262
f 353/353/353  351/351/351  259/259/259
f 926/926/926  260/260/260  924/924/924
f 349/349/349  263/263/263  261/261/261
f 922/922/922  262/262/262  264/264/264
f 351/351/351  349/349/349  261/261/261
f 924/924/924  262/262/262  922/922/922
f 347/347/347  265/265/265  263/263/263
f 920/920/920  264/264/264  266/266/266
f 349/349/349  347/347/347  263/263/263
f 922/922/922  264/264/264  920/920/920
f 345/345/345  267/267/267  265/265/265
f 920/920/920  266/266/266  268/268/268
f 347/347/347  345/345/345  265/265/265
f 343/343/343  269/269/269  267/267/267
f 918/918/918  268/268/268  270/270/270
f 345/345/345  343/343/343  267/267/267
f 920/920/920  268/268/268  918/918/918
f 341/341/341  271/271/271  269/269/269
f 916/916/916  270/270/270  272/272/272
f 343/343/343  341/341/341  269/269/269
f 918/918/918  270/270/270  916/916/916
f 339/339/339  273/273/273  271/271/271
f 916/916/916  272/272/272  274/274/274
f 341/341/341  339/339/339  271/271/271
f 337/337/337  275/275/275  273/273/273
f 914/914/914  274/274/274  276/276/276
f 339/339/339  337/337/337  273/273/273
f 916/916/916  274/274/274  914/914/914
f 335/335/335  277/277/277  275/275/275
f 912/912/912  276/276/276  278/278/278
f 337/337/337  335/335/335  275/275/275
f 914/914/914  276/276/276  912/912/912
f 333/333/333  279/279/279  277/277/277
f 912/912/912  278/278/278  280/280/280
f 335/335/335  333/333/333  277/277/277
f 331/331/331  281/281/281  279/279/279
f 910/910/910  280/280/280  282/282/282
f 333/333/333  331/331/331  279/279/279
f 912/912/912  280/280/280  910/910/910
f 329/329/329  283/283/283  281/281/281
f 910/910/910  282/282/282  284/284/284
f 331/331/331  329/329/329  281/281/281
f 327/327/327  285/285/285  283/283/283
f 908/908/908  284/284/284  286/286/286
f 329/329/329  327/327/327  283/283/283
f 910/910/910  284/284/284  908/908/908
f 325/325/325  287/287/287  285/285/285
f 908/908/908  286/286/286  288/288/288
f 327/327/327  325/325/325  285/285/285
f 323/323/323  289/289/289  287/287/287
f 908/908/908  288/288/288  290/290/290
f 325/325/325  323/323/323  287/287/287
f 321/321/321  291/291/291  289/289/289
f 906/906/906  290/290/290  292/292/292
f 323/323/323  321/321/321  289/289/289
f 908/908/908  290/290/290  906/906/906
f 319/319/319  293/293/293  291/291/291
f 906/906/906  292/292/292  294/294/294
f 321/321/321  319/319/319  291/291/291
f 317/317/317  295/295/295  293/293/293
f 906/906/906  294/294/294  296/296/296
f 319/319/319  317/317/317  293/293/293
f 315/315/315  297/297/297  295/295/295
f 906/906/906  296/296/296  298/298/298
f 317/317/317  315/315/315  295/295/295
f 313/313/313  299/299/299  297/297/297
f 904/904/904  298/298/298  300/300/300
f 315/315/315  313/313/313  297/297/297
f 906/906/906  298/298/298  904/904/904
f 311/311/311  301/301/301  299/299/299
f 411/411/411  300/300/300  302/302/302
f 313/313/313  311/311/311  299/299/299
f 904/904/904  300/300/300  411/411/411
f 306/306/306  303/303/303  301/301/301
f 411/411/411  302/302/302  305/305/305
f 308/308/308  306/306/306  301/301/301
f 311/311/311  308/308/308  301/301/301
f 409/409/409  304/304/304  307/307/307
f 412/412/412  307/307/307  309/309/309
f 412/412/412  409/409/409  307/307/307
f 854/854/854  310/310/310  312/312/312
f 414/414/414  412/412/412  309/309/309
f 854/854/854  416/416/416  310/310/310
f 852/852/852  312/312/312  314/314/314
f 854/854/854  312/312/312  852/852/852
f 850/850/850  314/314/314  316/316/316
f 852/852/852  314/314/314  850/850/850
f 850/850/850  316/316/316  318/318/318
f 850/850/850  318/318/318  320/320/320
f 850/850/850  320/320/320  322/322/322
f 848/848/848  322/322/322  324/324/324
f 850/850/850  322/322/322  848/848/848
f 848/848/848  324/324/324  326/326/326
f 848/848/848  326/326/326  328/328/328
f 846/846/846  328/328/328  330/330/330
f 848/848/848  328/328/328  846/846/846
f 846/846/846  330/330/330  332/332/332
f 844/844/844  332/332/332  334/334/334
f 846/846/846  332/332/332  844/844/844
f 844/844/844  334/334/334  336/336/336
f 842/842/842  336/336/336  338/338/338
f 844/844/844  336/336/336  842/842/842
f 840/840/840  338/338/338  340/340/340
f 842/842/842  338/338/338  840/840/840
f 840/840/840  340/340/340  342/342/342
f 838/838/838  342/342/342  344/344/344
f 840/840/840  342/342/342  838/838/838
f 836/836/836  344/344/344  346/346/346
f 838/838/838  344/344/344  836/836/836
f 836/836/836  346/346/346  348/348/348
f 834/834/834  348/348/348  350/350/350
f 836/836/836  348/348/348  834/834/834
f 832/832/832  350/350/350  352/352/352
f 834/834/834  350/350/350  832/832/832
f 830/830/830  352/352/352  354/354/354
f 832/832/832  352/352/352  830/830/830
f 828/828/828  354/354/354  356/356/356
f 830/830/830  354/354/354  828/828/828
f 828/828/828  356/356/356  358/358/358
f 826/826/826  358/358/358  360/360/360
f 828/828/828  358/358/358  826/826/826
f 824/824/824  360/360/360  362/362/362
f 826/826/826  360/360/360  824/824/824
f 822/822/822  362/362/362  364/364/364
f 824/824/824  362/362/362  822/822/822
f 820/820/820  364/364/364  366/366/366
f 822/822/822  364/364/364  820/820/820
f 818/818/818  366/366/366  368/368/368
f 820/820/820  366/366/366  818/818/818
f 818/818/818  368/368/368  370/370/370
f 816/816/816  370/370/370  372/372/372
f 818/818/818  370/370/370  816/816/816
f 814/814/814  372/372/372  374/374/374
f 816/816/816  372/372/372  814/814/814
f 812/812/812  374/374/374  376/376/376
f 814/814/814  374/374/374  812/812/812
f 810/810/810  376/376/376  378/378/378
f 812/812/812  376/376/376  810/810/810
f 808/808/808  378/378/378  380/380/380
f 810/810/810  378/378/378  808/808/808
f 806/806/806  380/380/380  382/382/382
f 808/808/808  380/380/380  806/806/806
f 804/804/804  382/382/382  384/384/384
f 806/806/806  382/382/382  804/804/804
f 802/802/802  384/384/384  386/386/386
f 804/804/804  384/384/384  802/802/802
f 800/800/800  386/386/386  388/388/388
f 802/802/802  386/386/386  800/800/800
f 798/798/798  388/388/388  390/390/390
f 800/800/800  388/388/388  798/798/798
f 798/798/798  390/390/390  392/392/392
f 796/796/796  392/392/392  394/394/394
f 798/798/798  392/392/392  796/796/796
f 794/794/794  394/394/394  396/396/396
f 796/796/796  394/394/394  794/794/794
f 792/792/792  396/396/396  398/398/398
f 794/794/794  396/396/396  792/792/792
f 790/790/790  398/398/398  400/400/400
f 792/792/792  398/398/398  790/790/790
f 788/788/788  400/400/400  402/402/402
f 790/790/790  400/400/400  788/788/788
f 1122/1122/1122  402/402/402  404/404/404
f 1128/1128/1128  788/788/788  402/402/402
f 1124/1124/1124  402/402/402  1122/1122/1122
f 1126/1126/1126  402/402/402  1124/1124/1124
f 1128/1128/1128  402/402/402  1126/1126/1126
f 767/767/767  404/404/404  406/406/406
f 770/770/770  404/404/404  767/767/767
f 1122/1122/1122  404/404/404  770/770/770
f 1148/1148/1148  406/406/406  408/408/408
f 1152/1152/1152  767/767/767  406/406/406
f 1150/1150/1150  406/406/406  1148/1148/1148
f 1152/1152/1152  406/406/406  1150/1150/1150
f 1142/1142/1142  408/408/408  759/759/759
f 1144/1144/1144  408/408/408  1142/1142/1142
f 1146/1146/1146  408/408/408  1144/1144/1144
f 1148/1148/1148  408/408/408  1146/1146/1146
f 413/413/413  603/603/603  601/601/601
f 420/420/420  411/411/411  418/418/418
f 417/417/417  410/410/410  413/413/413
f 422/422/422  411/411/411  420/420/420
f 900/900/900  411/411/411  422/422/422
f 902/902/902  411/411/411  900/900/900
f 904/904/904  411/411/411  902/902/902
f 603/603/603  413/413/413  415/415/415
f 856/856/856  604/604/604  416/416/416
f 856/856/856  416/416/416  854/854/854
f 601/601/601  419/419/419  417/417/417
f 601/601/601  417/417/417  413/413/413
f 599/599/599  421/421/421  419/419/419
f 601/601/601  599/599/599  419/419/419
f 597/597/597  423/423/423  421/421/421
f 900/900/900  422/422/422  424/424/424
f 599/599/599  597/597/597  421/421/421
f 595/595/595  425/425/425  423/423/423
f 900/900/900  424/424/424  426/426/426
f 597/597/597  595/595/595  423/423/423
f 593/593/593  427/427/427  425/425/425
f 900/900/900  426/426/426  428/428/428
f 595/595/595  593/593/593  425/425/425
f 591/591/591  429/429/429  427/427/427
f 900/900/900  428/428/428  430/430/430
f 593/593/593  591/591/591  427/427/427
f 589/589/589  431/431/431  429/429/429
f 900/900/900  430/430/430  432/432/432
f 591/591/591  589/589/589  429/429/429
f 587/587/587  433/433/433  431/431/431
f 898/898/898  432/432/432  434/434/434
f 589/589/589  587/587/587  431/431/431
f 900/900/900  432/432/432  898/898/898
f 585/585/585  435/435/435  433/433/433
f 898/898/898  434/434/434  436/436/436
f 587/587/587  585/585/585  433/433/433
f 583/583/583  437/437/437  435/435/435
f 898/898/898  436/436/436  438/438/438
f 585/585/585  583/583/583  435/435/435
f 581/581/581  439/439/439  437/437/437
f 898/898/898  438/438/438  440/440/440
f 583/583/583  581/581/581  437/437/437
f 579/579/579  441/441/441  439/439/439
f 896/896/896  440/440/440  442/442/442
f 581/581/581  579/579/579  439/439/439
f 898/898/898  440/440/440  896/896/896
f 577/577/577  443/443/443  441/441/441
f 896/896/896  442/442/442  444/444/444
f 579/579/579  577/577/577  441/441/441
f 575/575/575  445/445/445  443/443/443
f 894/894/894  444/444/444  446/446/446
f 577/577/577  575/575/575  443/443/443
f 896/896/896  444/444/444  894/894/894
f 573/573/573  447/447/447  445/445/445
f 894/894/894  446/446/446  448/448/448
f 575/575/575  573/573/573  445/445/445
f 571/571/571  449/449/449  447/447/447
f 894/894/894  448/448/448  450/450/450
f 573/573/573  571/571/571  447/447/447
f 569/569/569  451/451/451  449/449/449
f 892/892/892  450/450/450  452/452/452
f 571/571/571  569/569/569  449/449/449
f 894/894/894  450/450/450  892/892/892
f 567/567/567  453/453/453  451/451/451
f 892/892/892  452/452/452  454/454/454
f 569/569/569  567/567/567  451/451/451
f 565/565/565  455/455/455  453/453/453
f 890/890/890  454/454/454  456/456/456
f 567/567/567  565/565/565  453/453/453
f 892/892/892  454/454/454  890/890/890
f 563/563/563  457/457/457  455/455/455
f 890/890/890  456/456/456  458/458/458
f 565/565/565  563/563/563  455/455/455
f 561/561/561  459/459/459  457/457/457
f 888/888/888  458/458/458  460/460/460
f 563/563/563  561/561/561  457/457/457
f 890/890/890  458/458/458  888/888/888
f 559/559/559  461/461/461  459/459/459
f 888/888/888  460/460/460  462/462/462
f 561/561/561  559/559/559  459/459/459
f 557/557/557  463/463/463  461/461/461
f 886/886/886  462/462/462  464/464/464
f 559/559/559  557/557/557  461/461/461
f 888/888/888  462/462/462  886/886/886
f 555/555/555  465/465/465  463/463/463
f 886/886/886  464/464/464  466/466/466
f 557/557/557  555/555/555  463/463/463
f 553/553/553  467/467/467  465/465/465
f 884/884/884  466/466/466  468/468/468
f 555/555/555  553/553/553  465/465/465
f 886/886/886  466/466/466  884/884/884
f 551/551/551  469/469/469  467/467/467
f 882/882/882  468/468/468  470/470/470
f 553/553/553  551/551/551  467/467/467
f 884/884/884  468/468/468  882/882/882
f 549/549/549  471/471/471  469/469/469
f 880/880/880  470/470/470  472/472/472
f 551/551/551  549/549/549  469/469/469
f 882/882/882  470/470/470  880/880/880
f 547/547/547  473/473/473  471/471/471
f 674/674/674  472/472/472  474/474/474
f 549/549/549  547/547/547  471/471/471
f 878/878/878  472/472/472  674/674/674
f 880/880/880  472/472/472  878/878/878
f 545/545/545  475/475/475  473/473/473
f 671/671/671  474/474/474  476/476/476
f 547/547/547  545/545/545  473/473/473
f 674/674/674  474/474/474  671/671/671
f 543/543/543  477/477/477  475/475/475
f 669/669/669  476/476/476  478/478/478
f 545/545/545  543/543/543  475/475/475
f 671/671/671  476/476/476  669/669/669
f 541/541/541  479/479/479  477/477/477
f 667/667/667  478/478/478  480/480/480
f 543/543/543  541/541/541  477/477/477
f 669/669/669  478/478/478  667/667/667
f 539/539/539  481/481/481  479/479/479
f 667/667/667  480/480/480  482/482/482
f 541/541/541  539/539/539  479/479/479
f 537/537/537  483/483/483  481/481/481
f 665/665/665  482/482/482  484/484/484
f 539/539/539  537/537/537  481/481/481
f 667/667/667  482/482/482  665/665/665
f 535/535/535  485/485/485  483/483/483
f 665/665/665  484/484/484  486/486/486
f 537/537/537  535/535/535  483/483/483
f 533/533/533  487/487/487  485/485/485
f 665/665/665  486/486/486  488/488/488
f 535/535/535  533/533/533  485/485/485
f 531/531/531  489/489/489  487/487/487
f 665/665/665  488/488/488  490/490/490
f 533/533/533  531/531/531  487/487/487
f 529/529/529  491/491/491  489/489/489
f 663/663/663  490/490/490  492/492/492
f 531/531/531  529/529/529  489/489/489
f 665/665/665  490/490/490  663/663/663
f 527/527/527  493/493/493  491/491/491
f 663/663/663  492/492/492  494/494/494
f 529/529/529  527/527/527  491/491/491
f 525/525/525  495/495/495  493/493/493
f 663/663/663  494/494/494  496/496/496
f 527/527/527  525/525/525  493/493/493
f 523/523/523  497/497/497  495/495/495
f 663/663/663  496/496/496  498/498/498
f 525/525/525  523/523/523  495/495/495
f 521/521/521  499/499/499  497/497/497
f 663/663/663  498/498/498  500/500/500
f 523/523/523  521/521/521  497/497/497
f 519/519/519  501/501/501  499/499/499
f 663/663/663  500/500/500  502/502/502
f 521/521/521  519/519/519  499/499/499
f 517/517/517  503/503/503  501/501/501
f 663/663/663  502/502/502  504/504/504
f 519/519/519  517/517/517  501/501/501
f 503/503/503  515/515/515  510/510/510
f 663/663/663  504/504/504  506/506/506
f 517/517/517  515/515/515  503/503/503
f 510/510/510  507/507/507  505/505/505
f 663/663/663  506/506/506  509/509/509
f 510/510/510  505/505/505  503/503/503
f 515/515/515  512/512/512  510/510/510
f 605/605/605  508/508/508  511/511/511
f 661/661/661  509/509/509  607/607/607
f 663/663/663  509/509/509  661/661/661
f 608/608/608  511/511/511  513/513/513
f 608/608/608  605/605/605  511/511/511
f 635/635/635  514/514/514  516/516/516
f 610/610/610  608/608/608  513/513/513
f 643/643/643  612/612/612  514/514/514
f 637/637/637  514/514/514  635/635/635
f 639/639/639  514/514/514  637/637/637
f 641/641/641  514/514/514  639/639/639
f 643/643/643  514/514/514  641/641/641
f 635/635/635  516/516/516  518/518/518
f 635/635/635  518/518/518  520/520/520
f 635/635/635  520/520/520  522/522/522
f 635/635/635  522/522/522  524/524/524
f 635/635/635  524/524/524  526/526/526
f 635/635/635  526/526/526  528/528/528
f 635/635/635  528/528/528  530/530/530
f 633/633/633  530/530/530  532/532/532
f 635/635/635  530/530/530  633/633/633
f 633/633/633  532/532/532  534/534/534
f 633/633/633  534/534/534  536/536/536
f 633/633/633  536/536/536  538/538/538
f 631/631/631  538/538/538  540/540/540
f 633/633/633  538/538/538  631/631/631
f 631/631/631  540/540/540  542/542/542
f 629/629/629  542/542/542  544/544/544
f 631/631/631  542/542/542  629/629/629
f 627/627/627  544/544/544  546/546/546
f 629/629/629  544/544/544  627/627/627
f 625/625/625  546/546/546  548/548/548
f 627/627/627  546/546/546  625/625/625
f 623/623/623  548/548/548  550/550/550
f 625/625/625  548/548/548  623/623/623
f 876/876/876  550/550/550  552/552/552
f 876/876/876  623/623/623  550/550/550
f 872/872/872  552/552/552  554/554/554
f 874/874/874  552/552/552  872/872/872
f 876/876/876  552/552/552  874/874/874
f 870/870/870  554/554/554  556/556/556
f 872/872/872  554/554/554  870/870/870
f 870/870/870  556/556/556  558/558/558
f 868/868/868  558/558/558  560/560/560
f 870/870/870  558/558/558  868/868/868
f 868/868/868  560/560/560  562/562/562
f 866/866/866  562/562/562  564/564/564
f 868/868/868  562/562/562  866/866/866
f 866/866/866  564/564/564  566/566/566
f 864/864/864  566/566/566  568/568/568
f 866/866/866  566/566/566  864/864/864
f 864/864/864  568/568/568  570/570/570
f 862/862/862  570/570/570  572/572/572
f 864/864/864  570/570/570  862/862/862
f 862/862/862  572/572/572  574/574/574
f 862/862/862  574/574/574  576/576/576
f 860/860/860  576/576/576  578/578/578
f 862/862/862  576/576/576  860/860/860
f 860/860/860  578/578/578  580/580/580
f 858/858/858  580/580/580  582/582/582
f 860/860/860  580/580/580  858/858/858
f 858/858/858  582/582/582  584/584/584
f 858/858/858  584/584/584  586/586/586
f 858/858/858  586/586/586  588/588/588
f 856/856/856  588/588/588  590/590/590
f 858/858/858  588/588/588  856/856/856
f 856/856/856  590/590/590  592/592/592
f 856/856/856  592/592/592  594/594/594
f 856/856/856  594/594/594  596/596/596
f 856/856/856  596/596/596  598/598/598
f 856/856/856  598/598/598  600/600/600
f 856/856/856  600/600/600  602/602/602
f 856/856/856  602/602/602  604/604/604
f 613/613/613  606/606/606  609/609/609
f 653/653/653  607/607/607  651/651/651
f 655/655/655  607/607/607  653/653/653
f 657/657/657  607/607/607  655/655/655
f 659/659/659  607/607/607  657/657/657
f 661/661/661  607/607/607  659/659/659
f 616/616/616  609/609/609  611/611/611
f 616/616/616  613/613/613  609/609/609
f 618/618/618  616/616/616  611/611/611
f 646/646/646  620/620/620  612/612/612
f 646/646/646  612/612/612  643/643/643
f 697/697/697  620/620/620  646/646/646
f 699/699/699  620/620/620  697/697/697
f 701/701/701  620/620/620  699/699/699
f 703/703/703  620/620/620  701/701/701
f 705/705/705  620/620/620  703/703/703
f 707/707/707  620/620/620  705/705/705
f 709/709/709  620/620/620  707/707/707
f 711/711/711  620/620/620  709/709/709
f 714/714/714  620/620/620  711/711/711
f 1100/1100/1100  620/620/620  714/714/714
f 727/727/727  620/620/620  724/724/724
f 1112/1112/1112  724/724/724  620/620/620
f 1078/1078/1078  620/620/620  727/727/727
f 1028/1028/1028  1015/1015/1015  620/620/620
f 1058/1058/1058  620/620/620  1015/1015/1015
f 1034/1034/1034  1028/1028/1028  620/620/620
f 1034/1034/1034  620/620/620  1032/1032/1032
f 1078/1078/1078  1032/1032/1032  620/620/620
f 1102/1102/1102  620/620/620  1100/1100/1100
f 1104/1104/1104  620/620/620  1102/1102/1102
f 1106/1106/1106  620/620/620  1104/1104/1104
f 1108/1108/1108  620/620/620  1106/1106/1106
f 1110/1110/1110  620/620/620  1108/1108/1108
f 1112/1112/1112  620/620/620  1110/1110/1110
f 624/624/624  621/621/621  675/675/675
f 675/675/675  670/670/670  624/624/624
f 875/875/875  676/676/676  622/622/622
f 668/668/668  626/626/626  624/624/624
f 670/670/670  668/668/668  624/624/624
f 666/666/666  628/628/628  626/626/626
f 668/668/668  666/666/666  626/626/626
f 664/664/664  630/630/630  628/628/628
f 666/666/666  664/664/664  628/628/628
f 662/662/662  632/632/632  630/630/630
f 664/664/664  662/662/662  630/630/630
f 660/660/660  634/634/634  632/632/632
f 662/662/662  660/660/660  632/632/632
f 658/658/658  636/636/636  634/634/634
f 660/660/660  658/658/658  634/634/634
f 656/656/656  638/638/638  636/636/636
f 658/658/658  656/656/656  636/636/636
f 654/654/654  640/640/640  638/638/638
f 656/656/656  654/654/654  638/638/638
f 652/652/652  642/642/642  640/640/640
f 654/654/654  652/652/652  640/640/640
f 647/647/647  644/644/644  642/642/642
f 647/647/647  642/642/642  652/652/652
f 652/652/652  649/649/649  647/647/647
f 648/648/648  694/694/694  696/696/696
f 696/696/696  645/645/645  648/648/648
f 694/694/694  648/648/648  650/650/650
f 675/675/675  672/672/672  670/670/670
f 875/875/875  673/673/673  676/676/676
f 877/877/877  673/673/673  875/875/875
f 680/680/680  677/677/677  715/715/715
f 715/715/715  710/710/710  680/680/680
f 1097/1097/1097  716/716/716  678/678/678
f 708/708/708  682/682/682  680/680/680
f 710/710/710  708/708/708  680/680/680
f 706/706/706  684/684/684  682/682/682
f 708/708/708  706/706/706  682/682/682
f 704/704/704  686/686/686  684/684/684
f 706/706/706  704/704/704  684/684/684
f 702/702/702  688/688/688  686/686/686
f 704/704/704  702/702/702  686/686/686
f 700/700/700  690/690/690  688/688/688
f 702/702/702  700/700/700  688/688/688
f 698/698/698  692/692/692  690/690/690
f 700/700/700  698/698/698  690/690/690
f 696/696/696  694/694/694  692/692/692
f 698/698/698  696/696/696  692/692/692
f 715/715/715  712/712/712  710/710/710
f 716/716/716  1097/1097/1097  1095/1095/1095
f 1099/1099/1099  713/713/713  716/716/716
f 728/728/728  720/720/720  717/717/717
f 721/721/721  1111/1111/1111  1109/1109/1109
f 730/730/730  728/728/728  717/717/717
f 1038/1038/1038  732/732/732  719/719/719
f 1085/1085/1085  718/718/718  721/721/721
f 725/725/725  722/722/722  720/720/720
f 1111/1111/1111  721/721/721  723/723/723
f 728/728/728  725/725/725  720/720/720
f 729/729/729  1075/1075/1075  1073/1073/1073
f 1077/1077/1077  726/726/726  729/729/729
f 1075/1075/1075  729/729/729  731/731/731
f 1076/1076/1076  732/732/732  1038/1038/1038
f 747/747/747  736/736/736  733/733/733
f 1163/1163/1163  748/748/748  734/734/734
f 747/747/747  739/739/739  736/736/736
f 740/740/740  1187/1187/1187  1185/1185/1185
f 1189/1189/1189  737/737/737  740/740/740
f 744/744/744  741/741/741  739/739/739
f 1187/1187/1187  740/740/740  742/742/742
f 747/747/747  744/744/744  739/739/739
f 748/748/748  1163/1163/1163  1161/1161/1161
f 1165/1165/1165  745/745/745  748/748/748
f 760/760/760  752/752/752  749/749/749
f 753/753/753  1199/1199/1199  1197/1197/1197
f 762/762/762  760/760/760  749/749/749
f 1177/1177/1177  750/750/750  753/753/753
f 757/757/757  754/754/754  752/752/752
f 1199/1199/1199  753/753/753  755/755/755
f 760/760/760  757/757/757  752/752/752
f 761/761/761  1139/1139/1139  1137/1137/1137
f 1141/1141/1141  758/758/758  761/761/761
f 1139/1139/1139  761/761/761  763/763/763
f 779/779/779  768/768/768  765/765/765
f 1151/1151/1151  780/780/780  766/766/766
f 779/779/779  771/771/771  768/768/768
f 772/772/772  1119/1119/1119  1117/1117/1117
f 1121/1121/1121  769/769/769  772/772/772
f 776/776/776  773/773/773  771/771/771
f 1119/1119/1119  772/772/772  774/774/774
f 779/779/779  776/776/776  771/771/771
f 780/780/780  1151/1151/1151  1149/1149/1149
f 1129/1129/1129  777/777/777  780/780/780
f 963/963/963  784/784/784  781/781/781
f 785/785/785  1127/1127/1127  1125/1125/1125
f 1113/1113/1113  782/782/782  785/785/785
f 963/963/963  786/786/786  784/784/784
f 1127/1127/1127  785/785/785  787/787/787
f 963/963/963  789/789/789  786/786/786
f 961/961/961  791/791/791  789/789/789
f 963/963/963  961/961/961  789/789/789
f 959/959/959  793/793/793  791/791/791
f 961/961/961  959/959/959  791/791/791
f 957/957/957  795/795/795  793/793/793
f 959/959/959  957/957/957  793/793/793
f 955/955/955  797/797/797  795/795/795
f 957/957/957  955/955/955  795/795/795
f 953/953/953  799/799/799  797/797/797
f 955/955/955  953/953/953  797/797/797
f 951/951/951  801/801/801  799/799/799
f 953/953/953  951/951/951  799/799/799
f 949/949/949  803/803/803  801/801/801
f 951/951/951  949/949/949  801/801/801
f 947/947/947  805/805/805  803/803/803
f 949/949/949  947/947/947  803/803/803
f 945/945/945  807/807/807  805/805/805
f 947/947/947  945/945/945  805/805/805
f 943/943/943  809/809/809  807/807/807
f 945/945/945  943/943/943  807/807/807
f 941/941/941  811/811/811  809/809/809
f 943/943/943  941/941/941  809/809/809
f 939/939/939  813/813/813  811/811/811
f 941/941/941  939/939/939  811/811/811
f 937/937/937  815/815/815  813/813/813
f 939/939/939  937/937/937  813/813/813
f 935/935/935  817/817/817  815/815/815
f 937/937/937  935/935/935  815/815/815
f 933/933/933  819/819/819  817/817/817
f 935/935/935  933/933/933  817/817/817
f 931/931/931  821/821/821  819/819/819
f 933/933/933  931/931/931  819/819/819
f 929/929/929  823/823/823  821/821/821
f 931/931/931  929/929/929  821/821/821
f 927/927/927  825/825/825  823/823/823
f 929/929/929  927/927/927  823/823/823
f 925/925/925  827/827/827  825/825/825
f 927/927/927  925/925/925  825/825/825
f 923/923/923  829/829/829  827/827/827
f 925/925/925  923/923/923  827/827/827
f 921/921/921  831/831/831  829/829/829
f 923/923/923  921/921/921  829/829/829
f 919/919/919  833/833/833  831/831/831
f 921/921/921  919/919/919  831/831/831
f 917/917/917  835/835/835  833/833/833
f 919/919/919  917/917/917  833/833/833
f 915/915/915  837/837/837  835/835/835
f 917/917/917  915/915/915  835/835/835
f 913/913/913  839/839/839  837/837/837
f 915/915/915  913/913/913  837/837/837
f 911/911/911  841/841/841  839/839/839
f 913/913/913  911/911/911  839/839/839
f 909/909/909  843/843/843  841/841/841
f 911/911/911  909/909/909  841/841/841
f 907/907/907  845/845/845  843/843/843
f 909/909/909  907/907/907  843/843/843
f 905/905/905  847/847/847  845/845/845
f 907/907/907  905/905/905  845/845/845
f 903/903/903  849/849/849  847/847/847
f 905/905/905  903/903/903  847/847/847
f 901/901/901  851/851/851  849/849/849
f 903/903/903  901/901/901  849/849/849
f 899/899/899  853/853/853  851/851/851
f 901/901/901  899/899/899  851/851/851
f 897/897/897  855/855/855  853/853/853
f 899/899/899  897/897/897  853/853/853
f 895/895/895  857/857/857  855/855/855
f 897/897/897  895/895/895  855/855/855
f 893/893/893  859/859/859  857/857/857
f 895/895/895  893/893/893  857/857/857
f 891/891/891  861/861/861  859/859/859
f 893/893/893  891/891/891  859/859/859
f 889/889/889  863/863/863  861/861/861
f 891/891/891  889/889/889  861/861/861
f 887/887/887  865/865/865  863/863/863
f 889/889/889  887/887/887  863/863/863
f 885/885/885  867/867/867  865/865/865
f 887/887/887  885/885/885  865/865/865
f 883/883/883  869/869/869  867/867/867
f 885/885/885  883/883/883  867/867/867
f 881/881/881  871/871/871  869/869/869
f 883/883/883  881/881/881  869/869/869
f 879/879/879  873/873/873  871/871/871
f 881/881/881  879/879/879  871/871/871
f 877/877/877  875/875/875  873/873/873
f 879/879/879  877/877/877  873/873/873
f 976/976/976  968/968/968  965/965/965
f 969/969/969  1067/1067/1067  48/48/48
f 978/978/978  976/976/976  965/965/965
f 48/48/48  966/966/966  969/969/969
f 973/973/973  970/970/970  968/968/968
f 1067/1067/1067  969/969/969  971/971/971
f 976/976/976  973/973/973  968/968/968
f 977/977/977  1051/1051/1051  1049/1049/1049
f 1041/1041/1041  974/974/974  977/977/977
f 1051/1051/1051  977/977/977  979/979/979
f 992/992/992  984/984/984  981/981/981
f 985/985/985  1063/1063/1063  61/61/61
f 994/994/994  992/992/992  981/981/981
f 61/61/61  982/982/982  985/985/985
f 989/989/989  986/986/986  984/984/984
f 1063/1063/1063  985/985/985  987/987/987
f 992/992/992  989/989/989  984/984/984
f 993/993/993  1045/1045/1045  1043/1043/1043
f 1047/1047/1047  990/990/990  993/993/993
f 1045/1045/1045  993/993/993  995/995/995
f 1008/1008/1008  1000/1000/1000  997/997/997
f 1001/1001/1001  1055/1055/1055  24/24/24
f 1010/1010/1010  1008/1008/1008  997/997/997
f 1074/1074/1074  1012/1012/1012  999/999/999
f 24/24/24  998/998/998  1001/1001/1001
f 1072/1072/1072  999/999/999  1054/1054/1054
f 1074/1074/1074  999/999/999  1072/1072/1072
f 1005/1005/1005  1002/1002/1002  1000/1000/1000
f 1055/1055/1055  1001/1001/1001  1003/1003/1003
f 1008/1008/1008  1005/1005/1005  1000/1000/1000
f 1080/1080/1080  1004/1004/1004  1007/1007/1007
f 1082/1082/1082  1056/1056/1056  1004/1004/1004
f 1082/1082/1082  1004/1004/1004  1080/1080/1080
f 1009/1009/1009  1039/1039/1039  1037/1037/1037
f 1029/1029/1029  1006/1006/1006  1009/1009/1009
f 1080/1080/1080  1007/1007/1007  1030/1030/1030
f 1039/1039/1039  1009/1009/1009  1011/1011/1011
f 1076/1076/1076  1040/1040/1040  1012/1012/1012
f 1076/1076/1076  1012/1012/1012  1074/1074/1074
f 1024/1024/1024  1016/1016/1016  1013/1013/1013
f 1017/1017/1017  1059/1059/1059  16/16/16
f 1026/1026/1026  1024/1024/1024  1013/1013/1013
f 16/16/16  1014/1014/1014  1017/1017/1017
f 1021/1021/1021  1018/1018/1018  1016/1016/1016
f 1059/1059/1059  1017/1017/1017  1019/1019/1019
f 1024/1024/1024  1021/1021/1021  1016/1016/1016
f 1025/1025/1025  1033/1033/1033  1031/1031/1031
f 1035/1035/1035  1022/1022/1022  1025/1025/1025
f 1033/1033/1033  1025/1025/1025  1027/1027/1027
f 1031/1031/1031  1029/1029/1029  1009/1009/1009
f 1080/1080/1080  1030/1030/1030  1032/1032/1032
f 1009/1009/1009  1037/1037/1037  1035/1035/1035
f 1025/1025/1025  1031/1031/1031  1009/1009/1009
f 1009/1009/1009  1035/1035/1035  1025/1025/1025
f 1080/1080/1080  1032/1032/1032  1078/1078/1078
f 1076/1076/1076  1038/1038/1038  1040/1040/1040
f 1043/1043/1043  1041/1041/1041  977/977/977
f 977/977/977  1049/1049/1049  1047/1047/1047
f 993/993/993  1043/1043/1043  977/977/977
f 977/977/977  1047/1047/1047  993/993/993
f 1072/1072/1072  1054/1054/1054  1070/1070/1070
f 1084/1084/1084  1056/1056/1056  1082/1082/1082
f 1071/1071/1071  1069/1069/1069  32/32/32
f 32/32/32  1081/1081/1081  1079/1079/1079
f 1073/1073/1073  1071/1071/1071  32/32/32
f 32/32/32  1079/1079/1079  1077/1077/1077
f 729/729/729  1073/1073/1073  32/32/32
f 32/32/32  1077/1077/1077  729/729/729
f 1109/1109/1109  1087/1087/1087  1085/1085/1085
f 1109/1109/1109  1085/1085/1085  721/721/721
f 1107/1107/1107  1089/1089/1089  1087/1087/1087
f 1109/1109/1109  1107/1107/1107  1087/1087/1087
f 1105/1105/1105  1091/1091/1091  1089/1089/1089
f 1107/1107/1107  1105/1105/1105  1089/1089/1089
f 1103/1103/1103  1093/1093/1093  1091/1091/1091
f 1105/1105/1105  1103/1103/1103  1091/1091/1091
f 1101/1101/1101  1095/1095/1095  1093/1093/1093
f 1103/1103/1103  1101/1101/1101  1093/1093/1093
f 1095/1095/1095  1099/1099/1099  716/716/716
f 1101/1101/1101  1099/1099/1099  1095/1095/1095
f 1125/1125/1125  1115/1115/1115  1113/1113/1113
f 1125/1125/1125  1113/1113/1113  785/785/785
f 1123/1123/1123  1117/1117/1117  1115/1115/1115
f 1125/1125/1125  1123/1123/1123  1115/1115/1115
f 1117/1117/1117  1121/1121/1121  772/772/772
f 1123/1123/1123  1121/1121/1121  1117/1117/1117
f 1149/1149/1149  1131/1131/1131  1129/1129/1129
f 1149/1149/1149  1129/1129/1129  780/780/780
f 1147/1147/1147  1133/1133/1133  1131/1131/1131
f 1149/1149/1149  1147/1147/1147  1131/1131/1131
f 1145/1145/1145  1135/1135/1135  1133/1133/1133
f 1147/1147/1147  1145/1145/1145  1133/1133/1133
f 1143/1143/1143  1137/1137/1137  1135/1135/1135
f 1145/1145/1145  1143/1143/1143  1135/1135/1135
f 1137/1137/1137  1141/1141/1141  761/761/761
f 1143/1143/1143  1141/1141/1141  1137/1137/1137
f 1173/1173/1173  1155/1155/1155  1153/1153/1153
f 1173/1173/1173  1153/1153/1153  53/53/53
f 1171/1171/1171  1157/1157/1157  1155/1155/1155
f 1173/1173/1173  1171/1171/1171  1155/1155/1155
f 1169/1169/1169  1159/1159/1159  1157/1157/1157
f 1171/1171/1171  1169/1169/1169  1157/1157/1157
f 1167/1167/1167  1161/1161/1161  1159/1159/1159
f 1169/1169/1169  1167/1167/1167  1159/1159/1159
f 1161/1161/1161  1165/1165/1165  748/748/748
f 1167/1167/1167  1165/1165/1165  1161/1161/1161
f 1197/1197/1197  1179/1179/1179  1177/1177/1177
f 1197/1197/1197  1177/1177/1177  753/753/753
f 1195/1195/1195  1181/1181/1181  1179/1179/1179
f 1197/1197/1197  1195/1195/1195  1179/1179/1179
f 1193/1193/1193  1183/1183/1183  1181/1181/1181
f 1195/1195/1195  1193/1193/1193  1181/1181/1181
f 1191/1191/1191  1185/1185/1185  1183/1183/1183
f 1193/1193/1193  1191/1191/1191  1183/1183/1183
f 1185/1185/1185  1189/1189/1189  740/740/740
f 1191/1191/1191  1189/1189/1189  1185/1185/1185
